"År";"Periode";"Tjenesteområde";"Aktører";"Bostedsregion";"Antall pasienter";"Antall pasienter i døgnbehandling";"Antall oppholdsdøgn";"Antall døgnopphold";"Antall kontakter i poliklinikk";"Antall dagbehandlinger";"FLAGG"
"2017";"januar-april";"Somatikk (SOM)";"Offentlige helseforetak og private institusjoner";"Landet";"1081626";"238493";"1333543";"314297";"1999900";"223361";""
"2017";"januar-april";"Somatikk (SOM)";"Offentlige helseforetak og private institusjoner";"Region Sør-Øst";"586698";"130954";"709812";"173352";"1084661";"132495";""
"2017";"januar-april";"Somatikk (SOM)";"Offentlige helseforetak og private institusjoner";"Region Vest";"225022";"51303";"279781";"67200";"408261";"38786";""
"2017";"januar-april";"Somatikk (SOM)";"Offentlige helseforetak og private institusjoner";"Region Midt-Norge";"159046";"32725";"196613";"42815";"318735";"25187";""
"2017";"januar-april";"Somatikk (SOM)";"Offentlige helseforetak og private institusjoner";"Region Nord";"111169";"23544";"147337";"30930";"188243";"26893";""
"2017";"januar-april";"Somatikk (SOM)";"Avtalespesialister";"Landet";"507190";"0";"0";"0";"858093";"0";""
"2017";"januar-april";"Somatikk (SOM)";"Avtalespesialister";"Region Sør-Øst";"322615";"0";"0";"0";"560736";"0";""
"2017";"januar-april";"Somatikk (SOM)";"Avtalespesialister";"Region Vest";"94113";"0";"0";"0";"150148";"0";""
"2017";"januar-april";"Somatikk (SOM)";"Avtalespesialister";"Region Midt-Norge";"61393";"0";"0";"0";"102722";"0";""
"2017";"januar-april";"Somatikk (SOM)";"Avtalespesialister";"Region Nord";"29126";"0";"0";"0";"44487";"0";""
"2017";"januar-april";"Somatikk (SOM)";"Alle aktører";"Landet";"1424979";"238493";"1333543";"314297";"2857993";"223361";""
"2017";"januar-april";"Somatikk (SOM)";"Alle aktører";"Region Sør-Øst";"808891";"130954";"709812";"173352";"1645397";"132495";""
"2017";"januar-april";"Somatikk (SOM)";"Alle aktører";"Region Vest";"287918";"51303";"279781";"67200";"558409";"38786";""
"2017";"januar-april";"Somatikk (SOM)";"Alle aktører";"Region Midt-Norge";"198683";"32725";"196613";"42815";"421457";"25187";""
"2017";"januar-april";"Somatikk (SOM)";"Alle aktører";"Region Nord";"129895";"23544";"147337";"30930";"232730";"26893";""
"2017";"januar-august";"Somatikk (SOM)";"Offentlige helseforetak og private institusjoner";"Landet";"1566913";"420884";"2604278";"611966";"3788506";"421050";""
"2017";"januar-august";"Somatikk (SOM)";"Offentlige helseforetak og private institusjoner";"Region Sør-Øst";"851659";"231410";"1390479";"337706";"2058187";"252043";""
"2017";"januar-august";"Somatikk (SOM)";"Offentlige helseforetak og private institusjoner";"Region Vest";"327490";"90790";"545785";"131073";"772753";"71922";""
"2017";"januar-august";"Somatikk (SOM)";"Offentlige helseforetak og private institusjoner";"Region Midt-Norge";"227869";"57627";"380830";"83009";"601941";"46010";""
"2017";"januar-august";"Somatikk (SOM)";"Offentlige helseforetak og private institusjoner";"Region Nord";"161415";"41188";"287184";"60178";"355625";"51075";""
"2017";"januar-august";"Somatikk (SOM)";"Avtalespesialister";"Landet";"785756";"0";"0";"0";"1579207";"0";""
"2017";"januar-august";"Somatikk (SOM)";"Avtalespesialister";"Region Sør-Øst";"496299";"0";"0";"0";"1031564";"0";""
"2017";"januar-august";"Somatikk (SOM)";"Avtalespesialister";"Region Vest";"147902";"0";"0";"0";"278271";"0";""
"2017";"januar-august";"Somatikk (SOM)";"Avtalespesialister";"Region Midt-Norge";"94766";"0";"0";"0";"186581";"0";""
"2017";"januar-august";"Somatikk (SOM)";"Avtalespesialister";"Region Nord";"47058";"0";"0";"0";"82791";"0";""
"2017";"januar-august";"Somatikk (SOM)";"Alle aktører";"Landet";"2012346";"420884";"2604278";"611966";"5367713";"421050";""
"2017";"januar-august";"Somatikk (SOM)";"Alle aktører";"Region Sør-Øst";"1140565";"231410";"1390479";"337706";"3089751";"252043";""
"2017";"januar-august";"Somatikk (SOM)";"Alle aktører";"Region Vest";"409520";"90790";"545785";"131073";"1051024";"71922";""
"2017";"januar-august";"Somatikk (SOM)";"Alle aktører";"Region Midt-Norge";"278383";"57627";"380830";"83009";"788522";"46010";""
"2017";"januar-august";"Somatikk (SOM)";"Alle aktører";"Region Nord";"185837";"41188";"287184";"60178";"438416";"51075";""
"2017";"hele året";"Somatikk (SOM)";"Offentlige helseforetak og private institusjoner";"Landet";"1968989";"594823";"3962525";"926500";"5791560";"647083";""
"2017";"hele året";"Somatikk (SOM)";"Offentlige helseforetak og private institusjoner";"Region Sør-Øst";"1072703";"327674";"2128218";"511529";"3141777";"387663";""
"2017";"hele året";"Somatikk (SOM)";"Offentlige helseforetak og private institusjoner";"Region Vest";"412343";"127897";"823238";"197831";"1181784";"109401";""
"2017";"hele året";"Somatikk (SOM)";"Offentlige helseforetak og private institusjoner";"Region Midt-Norge";"285728";"81471";"576173";"125986";"921979";"71591";""
"2017";"hele året";"Somatikk (SOM)";"Offentlige helseforetak og private institusjoner";"Region Nord";"201819";"58104";"434896";"91154";"546020";"78428";""
"2017";"hele året";"Somatikk (SOM)";"Avtalespesialister";"Landet";"1048985";"0";"0";"0";"2475750";"0";""
"2017";"hele året";"Somatikk (SOM)";"Avtalespesialister";"Region Sør-Øst";"655232";"0";"0";"0";"1614118";"0";""
"2017";"hele året";"Somatikk (SOM)";"Avtalespesialister";"Region Vest";"201894";"0";"0";"0";"442212";"0";""
"2017";"hele året";"Somatikk (SOM)";"Avtalespesialister";"Region Midt-Norge";"126796";"0";"0";"0";"289883";"0";""
"2017";"hele året";"Somatikk (SOM)";"Avtalespesialister";"Region Nord";"65730";"0";"0";"0";"129537";"0";""
"2017";"hele året";"Somatikk (SOM)";"Alle aktører";"Landet";"2481229";"594823";"3962525";"926500";"8267310";"647083";""
"2017";"hele året";"Somatikk (SOM)";"Alle aktører";"Region Sør-Øst";"1404250";"327674";"2128218";"511529";"4755895";"387663";""
"2017";"hele året";"Somatikk (SOM)";"Alle aktører";"Region Vest";"508546";"127897";"823238";"197831";"1623996";"109401";""
"2017";"hele året";"Somatikk (SOM)";"Alle aktører";"Region Midt-Norge";"342785";"81471";"576173";"125986";"1211862";"71591";""
"2017";"hele året";"Somatikk (SOM)";"Alle aktører";"Region Nord";"230384";"58104";"434896";"91154";"675557";"78428";""
"2018";"januar-april";"Somatikk (SOM)";"Offentlige helseforetak og private institusjoner";"Landet";"1101209";"239265";"1344299";"314821";"2042769";"224480";""
"2018";"januar-april";"Somatikk (SOM)";"Offentlige helseforetak og private institusjoner";"Region Sør-Øst";"597010";"131151";"728703";"173139";"1101286";"130898";""
"2018";"januar-april";"Somatikk (SOM)";"Offentlige helseforetak og private institusjoner";"Region Vest";"228860";"51109";"274832";"66973";"419103";"38951";""
"2018";"januar-april";"Somatikk (SOM)";"Offentlige helseforetak og private institusjoner";"Region Midt-Norge";"162073";"33313";"195127";"43560";"323481";"27051";""
"2018";"januar-april";"Somatikk (SOM)";"Offentlige helseforetak og private institusjoner";"Region Nord";"113608";"23736";"145637";"31149";"198899";"27580";""
"2018";"januar-april";"Somatikk (SOM)";"Avtalespesialister";"Landet";"535658";"0";"0";"0";"909434";"0";""
"2018";"januar-april";"Somatikk (SOM)";"Avtalespesialister";"Region Sør-Øst";"336765";"0";"0";"0";"589175";"0";""
"2018";"januar-april";"Somatikk (SOM)";"Avtalespesialister";"Region Vest";"106316";"0";"0";"0";"170510";"0";""
"2018";"januar-april";"Somatikk (SOM)";"Avtalespesialister";"Region Midt-Norge";"61494";"0";"0";"0";"101552";"0";""
"2018";"januar-april";"Somatikk (SOM)";"Avtalespesialister";"Region Nord";"31142";"0";"0";"0";"48197";"0";""
"2018";"januar-april";"Somatikk (SOM)";"Alle aktører";"Landet";"1462559";"239265";"1344299";"314821";"2952203";"224480";""
"2018";"januar-april";"Somatikk (SOM)";"Alle aktører";"Region Sør-Øst";"828834";"131151";"728703";"173139";"1690461";"130898";""
"2018";"januar-april";"Somatikk (SOM)";"Alle aktører";"Region Vest";"299145";"51109";"274832";"66973";"589613";"38951";""
"2018";"januar-april";"Somatikk (SOM)";"Alle aktører";"Region Midt-Norge";"201558";"33313";"195127";"43560";"425033";"27051";""
"2018";"januar-april";"Somatikk (SOM)";"Alle aktører";"Region Nord";"133490";"23736";"145637";"31149";"247096";"27580";""
"2018";"januar-august";"Somatikk (SOM)";"Offentlige helseforetak og private institusjoner";"Landet";"1587252";"420147";"2600691";"611436";"3856185";"426950";""
"2018";"januar-august";"Somatikk (SOM)";"Offentlige helseforetak og private institusjoner";"Region Sør-Øst";"865201";"232050";"1406024";"337966";"2092321";"247877";""
"2018";"januar-august";"Somatikk (SOM)";"Offentlige helseforetak og private institusjoner";"Region Vest";"330841";"89548";"533473";"129543";"790598";"73058";""
"2018";"januar-august";"Somatikk (SOM)";"Offentlige helseforetak og private institusjoner";"Region Midt-Norge";"229809";"57540";"376681";"83509";"604767";"53166";""
"2018";"januar-august";"Somatikk (SOM)";"Offentlige helseforetak og private institusjoner";"Region Nord";"162939";"41164";"284513";"60418";"368499";"52849";""
"2018";"januar-august";"Somatikk (SOM)";"Avtalespesialister";"Landet";"814762";"0";"0";"0";"1636866";"0";""
"2018";"januar-august";"Somatikk (SOM)";"Avtalespesialister";"Region Sør-Øst";"509091";"0";"0";"0";"1058771";"0";""
"2018";"januar-august";"Somatikk (SOM)";"Avtalespesialister";"Region Vest";"161500";"0";"0";"0";"306612";"0";""
"2018";"januar-august";"Somatikk (SOM)";"Avtalespesialister";"Region Midt-Norge";"94734";"0";"0";"0";"183527";"0";""
"2018";"januar-august";"Somatikk (SOM)";"Avtalespesialister";"Region Nord";"49714";"0";"0";"0";"87956";"0";""
"2018";"januar-august";"Somatikk (SOM)";"Alle aktører";"Landet";"2047924";"420147";"2600691";"611436";"5493051";"426950";""
"2018";"januar-august";"Somatikk (SOM)";"Alle aktører";"Region Sør-Øst";"1161627";"232050";"1406024";"337966";"3151092";"247877";""
"2018";"januar-august";"Somatikk (SOM)";"Alle aktører";"Region Vest";"419457";"89548";"533473";"129543";"1097210";"73058";""
"2018";"januar-august";"Somatikk (SOM)";"Alle aktører";"Region Midt-Norge";"280236";"57540";"376681";"83509";"788294";"53166";""
"2018";"januar-august";"Somatikk (SOM)";"Alle aktører";"Region Nord";"188640";"41164";"284513";"60418";"456455";"52849";""
"2018";"hele året";"Somatikk (SOM)";"Offentlige helseforetak og private institusjoner";"Landet";"1984371";"588598";"3916135";"918737";"5882607";"658002";""
"2018";"hele året";"Somatikk (SOM)";"Offentlige helseforetak og private institusjoner";"Region Sør-Øst";"1084938";"325192";"2117009";"507403";"3190679";"382514";""
"2018";"hele året";"Somatikk (SOM)";"Offentlige helseforetak og private institusjoner";"Region Vest";"413914";"125115";"799029";"194355";"1205315";"111804";""
"2018";"hele året";"Somatikk (SOM)";"Offentlige helseforetak og private institusjoner";"Region Midt-Norge";"287284";"80879";"571059";"125609";"925595";"83717";""
"2018";"hele året";"Somatikk (SOM)";"Offentlige helseforetak og private institusjoner";"Region Nord";"202025";"57794";"429038";"91370";"561018";"79967";""
"2018";"hele året";"Somatikk (SOM)";"Avtalespesialister";"Landet";"1081985";"0";"0";"0";"2560503";"0";""
"2018";"hele året";"Somatikk (SOM)";"Avtalespesialister";"Region Sør-Øst";"672286";"0";"0";"0";"1656287";"0";""
"2018";"hele året";"Somatikk (SOM)";"Avtalespesialister";"Region Vest";"214910";"0";"0";"0";"478098";"0";""
"2018";"hele året";"Somatikk (SOM)";"Avtalespesialister";"Region Midt-Norge";"127519";"0";"0";"0";"288656";"0";""
"2018";"hele året";"Somatikk (SOM)";"Avtalespesialister";"Region Nord";"67995";"0";"0";"0";"137462";"0";""
"2018";"hele året";"Somatikk (SOM)";"Alle aktører";"Landet";"2512251";"588598";"3916135";"918737";"8443110";"658002";""
"2018";"hele året";"Somatikk (SOM)";"Alle aktører";"Region Sør-Øst";"1426211";"325192";"2117009";"507403";"4846966";"382514";""
"2018";"hele året";"Somatikk (SOM)";"Alle aktører";"Region Vest";"514854";"125115";"799029";"194355";"1683413";"111804";""
"2018";"hele året";"Somatikk (SOM)";"Alle aktører";"Region Midt-Norge";"344542";"80879";"571059";"125609";"1214251";"83717";""
"2018";"hele året";"Somatikk (SOM)";"Alle aktører";"Region Nord";"231651";"57794";"429038";"91370";"698480";"79967";""
"2019";"januar-april";"Somatikk (SOM)";"Offentlige helseforetak og private institusjoner";"Landet";"1115457";"233902";"1324979";"309648";"2094334";"243206";""
"2019";"januar-april";"Somatikk (SOM)";"Offentlige helseforetak og private institusjoner";"Region Sør-Øst";"607851";"127954";"716754";"169779";"1133400";"140489";""
"2019";"januar-april";"Somatikk (SOM)";"Offentlige helseforetak og private institusjoner";"Region Vest";"230639";"49648";"265958";"65638";"429181";"40827";""
"2019";"januar-april";"Somatikk (SOM)";"Offentlige helseforetak og private institusjoner";"Region Midt-Norge";"163976";"32621";"195163";"43037";"334081";"34302";""
"2019";"januar-april";"Somatikk (SOM)";"Offentlige helseforetak og private institusjoner";"Region Nord";"113375";"23723";"147104";"31194";"197672";"27588";""
"2019";"januar-april";"Somatikk (SOM)";"Avtalespesialister";"Landet";"536885";"0";"0";"0";"916928";"0";""
"2019";"januar-april";"Somatikk (SOM)";"Avtalespesialister";"Region Sør-Øst";"333289";"0";"0";"0";"587658";"0";""
"2019";"januar-april";"Somatikk (SOM)";"Avtalespesialister";"Region Vest";"106420";"0";"0";"0";"170448";"0";""
"2019";"januar-april";"Somatikk (SOM)";"Avtalespesialister";"Region Midt-Norge";"65768";"0";"0";"0";"109931";"0";""
"2019";"januar-april";"Somatikk (SOM)";"Avtalespesialister";"Region Nord";"31487";"0";"0";"0";"48891";"0";""
"2019";"januar-april";"Somatikk (SOM)";"Alle aktører";"Landet";"1473721";"233902";"1324979";"309648";"3011262";"243206";""
"2019";"januar-april";"Somatikk (SOM)";"Alle aktører";"Region Sør-Øst";"834016";"127954";"716754";"169779";"1721058";"140489";""
"2019";"januar-april";"Somatikk (SOM)";"Alle aktører";"Region Vest";"300852";"49648";"265958";"65638";"599629";"40827";""
"2019";"januar-april";"Somatikk (SOM)";"Alle aktører";"Region Midt-Norge";"205819";"32621";"195163";"43037";"444012";"34302";""
"2019";"januar-april";"Somatikk (SOM)";"Alle aktører";"Region Nord";"133572";"23723";"147104";"31194";"246563";"27588";""
"2019";"januar-august";"Somatikk (SOM)";"Offentlige helseforetak og private institusjoner";"Landet";"1600933";"413673";"2566840";"605325";"3946944";"457089";""
"2019";"januar-august";"Somatikk (SOM)";"Offentlige helseforetak og private institusjoner";"Region Sør-Øst";"875282";"227197";"1392441";"332473";"2147047";"264586";""
"2019";"januar-august";"Somatikk (SOM)";"Offentlige helseforetak og private institusjoner";"Region Vest";"332287";"87892";"514882";"128416";"803984";"75613";""
"2019";"januar-august";"Somatikk (SOM)";"Offentlige helseforetak og private institusjoner";"Region Midt-Norge";"231648";"57399";"375414";"83632";"625666";"64469";""
"2019";"januar-august";"Somatikk (SOM)";"Offentlige helseforetak og private institusjoner";"Region Nord";"163359";"41342";"284103";"60804";"370247";"52421";""
"2019";"januar-august";"Somatikk (SOM)";"Avtalespesialister";"Landet";"813380";"0";"0";"0";"1652723";"0";""
"2019";"januar-august";"Somatikk (SOM)";"Avtalespesialister";"Region Sør-Øst";"500967";"0";"0";"0";"1056973";"0";""
"2019";"januar-august";"Somatikk (SOM)";"Avtalespesialister";"Region Vest";"163722";"0";"0";"0";"312196";"0";""
"2019";"januar-august";"Somatikk (SOM)";"Avtalespesialister";"Region Midt-Norge";"100073";"0";"0";"0";"197431";"0";""
"2019";"januar-august";"Somatikk (SOM)";"Avtalespesialister";"Region Nord";"48929";"0";"0";"0";"86123";"0";""
"2019";"januar-august";"Somatikk (SOM)";"Alle aktører";"Landet";"2052644";"413673";"2566840";"605325";"5599667";"457089";""
"2019";"januar-august";"Somatikk (SOM)";"Alle aktører";"Region Sør-Øst";"1160369";"227197";"1392441";"332473";"3204020";"264586";""
"2019";"januar-august";"Somatikk (SOM)";"Alle aktører";"Region Vest";"421842";"87892";"514882";"128416";"1116180";"75613";""
"2019";"januar-august";"Somatikk (SOM)";"Alle aktører";"Region Midt-Norge";"284032";"57399";"375414";"83632";"823097";"64469";""
"2019";"januar-august";"Somatikk (SOM)";"Alle aktører";"Region Nord";"188582";"41342";"284103";"60804";"456370";"52421";""
"2019";"hele året";"Somatikk (SOM)";"Offentlige helseforetak og private institusjoner";"Landet";"2005224";"582194";"3887747";"913154";"6045770";"702414";""
"2019";"hele året";"Somatikk (SOM)";"Offentlige helseforetak og private institusjoner";"Region Sør-Øst";"1098225";"320309";"2111010";"502001";"3286858";"405883";""
"2019";"hele året";"Somatikk (SOM)";"Offentlige helseforetak og private institusjoner";"Region Vest";"417532";"123122";"776932";"192551";"1230989";"116526";""
"2019";"hele året";"Somatikk (SOM)";"Offentlige helseforetak og private institusjoner";"Region Midt-Norge";"289678";"81107";"567679";"126490";"958872";"100016";""
"2019";"hele året";"Somatikk (SOM)";"Offentlige helseforetak og private institusjoner";"Region Nord";"203619";"58013";"432126";"92112";"569051";"79989";""
"2019";"hele året";"Somatikk (SOM)";"Avtalespesialister";"Landet";"1075366";"0";"0";"0";"2569250";"0";""
"2019";"hele året";"Somatikk (SOM)";"Avtalespesialister";"Region Sør-Øst";"659461";"0";"0";"0";"1645003";"0";""
"2019";"hele året";"Somatikk (SOM)";"Avtalespesialister";"Region Vest";"217710";"0";"0";"0";"486056";"0";""
"2019";"hele året";"Somatikk (SOM)";"Avtalespesialister";"Region Midt-Norge";"132993";"0";"0";"0";"306514";"0";""
"2019";"hele året";"Somatikk (SOM)";"Avtalespesialister";"Region Nord";"65958";"0";"0";"0";"131677";"0";""
"2019";"hele året";"Somatikk (SOM)";"Alle aktører";"Landet";"2516766";"582194";"3887747";"913154";"8615020";"702414";""
"2019";"hele året";"Somatikk (SOM)";"Alle aktører";"Region Sør-Øst";"1422662";"320309";"2111010";"502001";"4931861";"405883";""
"2019";"hele året";"Somatikk (SOM)";"Alle aktører";"Region Vest";"518972";"123122";"776932";"192551";"1717045";"116526";""
"2019";"hele året";"Somatikk (SOM)";"Alle aktører";"Region Midt-Norge";"348356";"81107";"567679";"126490";"1265386";"100016";""
"2019";"hele året";"Somatikk (SOM)";"Alle aktører";"Region Nord";"231880";"58013";"432126";"92112";"700728";"79989";""
"2020";"januar-april";"Somatikk (SOM)";"Offentlige helseforetak og private institusjoner";"Landet";"1025427";"208925";"1130951";"272333";"1850843";"218884";""
"2020";"januar-april";"Somatikk (SOM)";"Offentlige helseforetak og private institusjoner";"Region Sør-Øst";"561731";"115115";"616554";"150738";"1012414";"123966";""
"2020";"januar-april";"Somatikk (SOM)";"Offentlige helseforetak og private institusjoner";"Region Vest";"212210";"44408";"228944";"57553";"380020";"36367";""
"2020";"januar-april";"Somatikk (SOM)";"Offentlige helseforetak og private institusjoner";"Region Midt-Norge";"151428";"29163";"163495";"37596";"289246";"33281";""
"2020";"januar-april";"Somatikk (SOM)";"Offentlige helseforetak og private institusjoner";"Region Nord";"100350";"20271";"121958";"26446";"169163";"25270";""
"2020";"januar-april";"Somatikk (SOM)";"Avtalespesialister";"Landet";"493405";"0";"0";"0";"814831";"0";""
"2020";"januar-april";"Somatikk (SOM)";"Avtalespesialister";"Region Sør-Øst";"313253";"0";"0";"0";"531525";"0";""
"2020";"januar-april";"Somatikk (SOM)";"Avtalespesialister";"Region Vest";"94933";"0";"0";"0";"147437";"0";""
"2020";"januar-april";"Somatikk (SOM)";"Avtalespesialister";"Region Midt-Norge";"58762";"0";"0";"0";"94714";"0";""
"2020";"januar-april";"Somatikk (SOM)";"Avtalespesialister";"Region Nord";"26496";"0";"0";"0";"41155";"0";""
"2020";"januar-april";"Somatikk (SOM)";"Alle aktører";"Landet";"1368604";"208925";"1130951";"272333";"2665674";"218884";""
"2020";"januar-april";"Somatikk (SOM)";"Alle aktører";"Region Sør-Øst";"782869";"115115";"616554";"150738";"1543939";"123966";""
"2020";"januar-april";"Somatikk (SOM)";"Alle aktører";"Region Vest";"277277";"44408";"228944";"57553";"527457";"36367";""
"2020";"januar-april";"Somatikk (SOM)";"Alle aktører";"Region Midt-Norge";"190505";"29163";"163495";"37596";"383960";"33281";""
"2020";"januar-april";"Somatikk (SOM)";"Alle aktører";"Region Nord";"118317";"20271";"121958";"26446";"210318";"25270";""
"2020";"januar-august";"Somatikk (SOM)";"Offentlige helseforetak og private institusjoner";"Landet";"1514555";"376913";"2171676";"541331";"3632164";"421930";""
"2020";"januar-august";"Somatikk (SOM)";"Offentlige helseforetak og private institusjoner";"Region Sør-Øst";"829295";"208104";"1183499";"299134";"1981858";"238228";""
"2020";"januar-august";"Somatikk (SOM)";"Offentlige helseforetak og private institusjoner";"Region Vest";"315520";"79976";"439086";"114481";"750438";"69748";""
"2020";"januar-august";"Somatikk (SOM)";"Offentlige helseforetak og private institusjoner";"Region Midt-Norge";"221224";"52779";"315215";"75169";"566384";"63803";""
"2020";"januar-august";"Somatikk (SOM)";"Offentlige helseforetak og private institusjoner";"Region Nord";"150030";"36178";"233876";"52547";"333484";"50151";""
"2020";"januar-august";"Somatikk (SOM)";"Avtalespesialister";"Landet";"781940";"0";"0";"0";"1550539";"0";""
"2020";"januar-august";"Somatikk (SOM)";"Avtalespesialister";"Region Sør-Øst";"490615";"0";"0";"0";"1006482";"0";""
"2020";"januar-august";"Somatikk (SOM)";"Avtalespesialister";"Region Vest";"151867";"0";"0";"0";"281207";"0";""
"2020";"januar-august";"Somatikk (SOM)";"Avtalespesialister";"Region Midt-Norge";"94475";"0";"0";"0";"180866";"0";""
"2020";"januar-august";"Somatikk (SOM)";"Avtalespesialister";"Region Nord";"45269";"0";"0";"0";"81984";"0";""
"2020";"januar-august";"Somatikk (SOM)";"Alle aktører";"Landet";"1964953";"376913";"2171676";"541331";"5182703";"421930";""
"2020";"januar-august";"Somatikk (SOM)";"Alle aktører";"Region Sør-Øst";"1118811";"208104";"1183499";"299134";"2988340";"238228";""
"2020";"januar-august";"Somatikk (SOM)";"Alle aktører";"Region Vest";"401151";"79976";"439086";"114481";"1031645";"69748";""
"2020";"januar-august";"Somatikk (SOM)";"Alle aktører";"Region Midt-Norge";"272162";"52779";"315215";"75169";"747250";"63803";""
"2020";"januar-august";"Somatikk (SOM)";"Alle aktører";"Region Nord";"174822";"36178";"233876";"52547";"415468";"50151";""
"2020";"hele året";"Somatikk (SOM)";"Offentlige helseforetak og private institusjoner";"Landet";"1933993";"539968";"3393647";"833103";"5797912";"668140";""
"2020";"hele året";"Somatikk (SOM)";"Offentlige helseforetak og private institusjoner";"Region Sør-Øst";"1060004";"297277";"1844721";"458125";"3158232";"378053";""
"2020";"hele året";"Somatikk (SOM)";"Offentlige helseforetak og private institusjoner";"Region Vest";"403961";"114752";"683297";"176591";"1198244";"109881";""
"2020";"hele året";"Somatikk (SOM)";"Offentlige helseforetak og private institusjoner";"Region Midt-Norge";"281724";"76232";"497527";"116864";"904179";"102141";""
"2020";"hele året";"Somatikk (SOM)";"Offentlige helseforetak og private institusjoner";"Region Nord";"192097";"52016";"368102";"81523";"537257";"78065";""
"2020";"hele året";"Somatikk (SOM)";"Avtalespesialister";"Landet";"1072862";"0";"0";"0";"2501458";"0";""
"2020";"hele året";"Somatikk (SOM)";"Avtalespesialister";"Region Sør-Øst";"667872";"0";"0";"0";"1617660";"0";""
"2020";"hele året";"Somatikk (SOM)";"Avtalespesialister";"Region Vest";"211102";"0";"0";"0";"457742";"0";""
"2020";"hele året";"Somatikk (SOM)";"Avtalespesialister";"Region Midt-Norge";"130140";"0";"0";"0";"291479";"0";""
"2020";"hele året";"Somatikk (SOM)";"Avtalespesialister";"Region Nord";"64534";"0";"0";"0";"134577";"0";""
"2020";"hele året";"Somatikk (SOM)";"Alle aktører";"Landet";"2465743";"539968";"3393647";"833103";"8299370";"668140";""
"2020";"hele året";"Somatikk (SOM)";"Alle aktører";"Region Sør-Øst";"1402468";"297277";"1844721";"458125";"4775892";"378053";""
"2020";"hele året";"Somatikk (SOM)";"Alle aktører";"Region Vest";"505838";"114752";"683297";"176591";"1655986";"109881";""
"2020";"hele året";"Somatikk (SOM)";"Alle aktører";"Region Midt-Norge";"341255";"76232";"497527";"116864";"1195658";"102141";""
"2020";"hele året";"Somatikk (SOM)";"Alle aktører";"Region Nord";"221206";"52016";"368102";"81523";"671834";"78065";""
"2021";"januar-april";"Somatikk (SOM)";"Offentlige helseforetak og private institusjoner";"Landet";"1132336";"217562";"1170934";"285369";"2181812";"245720";""
"2021";"januar-april";"Somatikk (SOM)";"Offentlige helseforetak og private institusjoner";"Region Sør-Øst";"612763";"117417";"632420";"154395";"1173420";"138304";""
"2021";"januar-april";"Somatikk (SOM)";"Offentlige helseforetak og private institusjoner";"Region Vest";"236353";"46688";"236275";"61053";"455320";"42372";""
"2021";"januar-april";"Somatikk (SOM)";"Offentlige helseforetak og private institusjoner";"Region Midt-Norge";"169403";"31408";"171688";"40905";"344562";"37352";""
"2021";"januar-april";"Somatikk (SOM)";"Offentlige helseforetak og private institusjoner";"Region Nord";"114118";"22079";"130551";"29016";"208510";"27692";""
"2021";"januar-april";"Somatikk (SOM)";"Avtalespesialister";"Landet";"531800";"0";"0";"0";"889810";"0";""
"2021";"januar-april";"Somatikk (SOM)";"Avtalespesialister";"Region Sør-Øst";"334230";"0";"0";"0";"570574";"0";""
"2021";"januar-april";"Somatikk (SOM)";"Avtalespesialister";"Region Vest";"103987";"0";"0";"0";"166836";"0";""
"2021";"januar-april";"Somatikk (SOM)";"Avtalespesialister";"Region Midt-Norge";"65188";"0";"0";"0";"106025";"0";""
"2021";"januar-april";"Somatikk (SOM)";"Avtalespesialister";"Region Nord";"28463";"0";"0";"0";"46375";"0";""
"2021";"januar-april";"Somatikk (SOM)";"Alle aktører";"Landet";"1484116";"217562";"1170934";"285369";"3071622";"245720";""
"2021";"januar-april";"Somatikk (SOM)";"Alle aktører";"Region Sør-Øst";"838308";"117417";"632420";"154395";"1743994";"138304";""
"2021";"januar-april";"Somatikk (SOM)";"Alle aktører";"Region Vest";"303968";"46688";"236275";"61053";"622156";"42372";""
"2021";"januar-april";"Somatikk (SOM)";"Alle aktører";"Region Midt-Norge";"210171";"31408";"171688";"40905";"450587";"37352";""
"2021";"januar-april";"Somatikk (SOM)";"Alle aktører";"Region Nord";"132072";"22079";"130551";"29016";"254885";"27692";""
"2021";"januar-august";"Somatikk (SOM)";"Offentlige helseforetak og private institusjoner";"Landet";"1620182";"398538";"2350257";"576707";"4113888";"461918";""
"2021";"januar-august";"Somatikk (SOM)";"Offentlige helseforetak og private institusjoner";"Region Sør-Øst";"880620";"217338";"1270342";"314101";"2215615";"261279";""
"2021";"januar-august";"Somatikk (SOM)";"Offentlige helseforetak og private institusjoner";"Region Vest";"339306";"85258";"477417";"123298";"856251";"79567";""
"2021";"januar-august";"Somatikk (SOM)";"Offentlige helseforetak og private institusjoner";"Region Midt-Norge";"239619";"57169";"343505";"82166";"654282";"68580";""
"2021";"januar-august";"Somatikk (SOM)";"Offentlige helseforetak og private institusjoner";"Region Nord";"162502";"38901";"258993";"57142";"387740";"52492";""
"2021";"januar-august";"Somatikk (SOM)";"Avtalespesialister";"Landet";"810570";"0";"0";"0";"1612189";"0";""
"2021";"januar-august";"Somatikk (SOM)";"Avtalespesialister";"Region Sør-Øst";"508557";"0";"0";"0";"1038130";"0";""
"2021";"januar-august";"Somatikk (SOM)";"Avtalespesialister";"Region Vest";"158228";"0";"0";"0";"300756";"0";""
"2021";"januar-august";"Somatikk (SOM)";"Avtalespesialister";"Region Midt-Norge";"100048";"0";"0";"0";"192886";"0";""
"2021";"januar-august";"Somatikk (SOM)";"Avtalespesialister";"Region Nord";"44124";"0";"0";"0";"80417";"0";""
"2021";"januar-august";"Somatikk (SOM)";"Alle aktører";"Landet";"2068768";"398538";"2350257";"576707";"5726077";"461918";""
"2021";"januar-august";"Somatikk (SOM)";"Alle aktører";"Region Sør-Øst";"1170504";"217338";"1270342";"314101";"3253745";"261279";""
"2021";"januar-august";"Somatikk (SOM)";"Alle aktører";"Region Vest";"424310";"85258";"477417";"123298";"1157007";"79567";""
"2021";"januar-august";"Somatikk (SOM)";"Alle aktører";"Region Midt-Norge";"291258";"57169";"343505";"82166";"847168";"68580";""
"2021";"januar-august";"Somatikk (SOM)";"Alle aktører";"Region Nord";"185134";"38901";"258993";"57142";"468157";"52492";""
"2021";"hele året";"Somatikk (SOM)";"Offentlige helseforetak og private institusjoner";"Landet";"2032878";"568749";"3655588";"884165";"6328490";"719327";""
"2021";"hele året";"Somatikk (SOM)";"Offentlige helseforetak og private institusjoner";"Region Sør-Øst";"1109388";"310982";"1977122";"482023";"3407885";"407112";""
"2021";"hele året";"Somatikk (SOM)";"Offentlige helseforetak og private institusjoner";"Region Vest";"425324";"121427";"738957";"188648";"1315250";"122941";""
"2021";"hele året";"Somatikk (SOM)";"Offentlige helseforetak og private institusjoner";"Region Midt-Norge";"299380";"81361";"536897";"125962";"1006845";"109431";""
"2021";"hele året";"Somatikk (SOM)";"Offentlige helseforetak og private institusjoner";"Region Nord";"203219";"55320";"402612";"87532";"598510";"79843";""
"2021";"hele året";"Somatikk (SOM)";"Avtalespesialister";"Landet";"1083775";"0";"0";"0";"2530356";"0";""
"2021";"hele året";"Somatikk (SOM)";"Avtalespesialister";"Region Sør-Øst";"679881";"0";"0";"0";"1637741";"0";""
"2021";"hele året";"Somatikk (SOM)";"Avtalespesialister";"Region Vest";"210452";"0";"0";"0";"468091";"0";""
"2021";"hele året";"Somatikk (SOM)";"Avtalespesialister";"Region Midt-Norge";"133841";"0";"0";"0";"298438";"0";""
"2021";"hele året";"Somatikk (SOM)";"Avtalespesialister";"Region Nord";"60494";"0";"0";"0";"126086";"0";""
"2021";"hele året";"Somatikk (SOM)";"Alle aktører";"Landet";"2548637";"568749";"3655588";"884165";"8858846";"719327";""
"2021";"hele året";"Somatikk (SOM)";"Alle aktører";"Region Sør-Øst";"1445774";"310982";"1977122";"482023";"5045626";"407112";""
"2021";"hele året";"Somatikk (SOM)";"Alle aktører";"Region Vest";"521556";"121427";"738957";"188648";"1783341";"122941";""
"2021";"hele året";"Somatikk (SOM)";"Alle aktører";"Region Midt-Norge";"358100";"81361";"536897";"125962";"1305283";"109431";""
"2021";"hele året";"Somatikk (SOM)";"Alle aktører";"Region Nord";"229006";"55320";"402612";"87532";"724596";"79843";""
"2022";"januar-april";"Somatikk (SOM)";"Offentlige helseforetak og private institusjoner";"Landet";"1153574";"223868";"1207776";"294511";"2177848";"251371";""
"2022";"januar-april";"Somatikk (SOM)";"Offentlige helseforetak og private institusjoner";"Region Sør-Øst";"631243";"122806";"654370";"161519";"1182198";"142709";""
"2022";"januar-april";"Somatikk (SOM)";"Offentlige helseforetak og private institusjoner";"Region Vest";"236294";"47353";"241116";"62306";"447283";"40895";""
"2022";"januar-april";"Somatikk (SOM)";"Offentlige helseforetak og private institusjoner";"Region Midt-Norge";"169567";"31897";"177987";"41888";"339474";"39617";""
"2022";"januar-april";"Somatikk (SOM)";"Offentlige helseforetak og private institusjoner";"Region Nord";"116797";"21837";"134303";"28798";"208893";"28150";""
"2022";"januar-april";"Somatikk (SOM)";"Avtalespesialister";"Landet";"531437";"0";"0";"0";"876353";"0";""
"2022";"januar-april";"Somatikk (SOM)";"Avtalespesialister";"Region Sør-Øst";"339294";"0";"0";"0";"570317";"0";""
"2022";"januar-april";"Somatikk (SOM)";"Avtalespesialister";"Region Vest";"100420";"0";"0";"0";"159452";"0";""
"2022";"januar-april";"Somatikk (SOM)";"Avtalespesialister";"Region Midt-Norge";"62264";"0";"0";"0";"98451";"0";""
"2022";"januar-april";"Somatikk (SOM)";"Avtalespesialister";"Region Nord";"29518";"0";"0";"0";"48133";"0";""
"2022";"januar-april";"Somatikk (SOM)";"Alle aktører";"Landet";"1504822";"223868";"1207776";"294511";"3054201";"251371";""
"2022";"januar-april";"Somatikk (SOM)";"Alle aktører";"Region Sør-Øst";"859871";"122806";"654370";"161519";"1752515";"142709";""
"2022";"januar-april";"Somatikk (SOM)";"Alle aktører";"Region Vest";"301813";"47353";"241116";"62306";"606735";"40895";""
"2022";"januar-april";"Somatikk (SOM)";"Alle aktører";"Region Midt-Norge";"208340";"31897";"177987";"41888";"437925";"39617";""
"2022";"januar-april";"Somatikk (SOM)";"Alle aktører";"Region Nord";"135226";"21837";"134303";"28798";"257026";"28150";""
"2022";"januar-august";"Somatikk (SOM)";"Offentlige helseforetak og private institusjoner";"Landet";"1661831";"405783";"2439038";"591938";"4162758";"483929";""
"2022";"januar-august";"Somatikk (SOM)";"Offentlige helseforetak og private institusjoner";"Region Sør-Øst";"911691";"223484";"1322384";"325231";"2259497";"276433";""
"2022";"januar-august";"Somatikk (SOM)";"Offentlige helseforetak og private institusjoner";"Region Vest";"342930";"85861";"492715";"125259";"852396";"79273";""
"2022";"januar-august";"Somatikk (SOM)";"Offentlige helseforetak og private institusjoner";"Region Midt-Norge";"241023";"57520";"359426";"83945";"650094";"74415";""
"2022";"januar-august";"Somatikk (SOM)";"Offentlige helseforetak og private institusjoner";"Region Nord";"168044";"39050";"264513";"57503";"400771";"53808";""
"2022";"januar-august";"Somatikk (SOM)";"Avtalespesialister";"Landet";"816174";"0";"0";"0";"1600917";"0";""
"2022";"januar-august";"Somatikk (SOM)";"Avtalespesialister";"Region Sør-Øst";"517287";"0";"0";"0";"1043272";"0";""
"2022";"januar-august";"Somatikk (SOM)";"Avtalespesialister";"Region Vest";"155416";"0";"0";"0";"289824";"0";""
"2022";"januar-august";"Somatikk (SOM)";"Avtalespesialister";"Region Midt-Norge";"96289";"0";"0";"0";"180035";"0";""
"2022";"januar-august";"Somatikk (SOM)";"Avtalespesialister";"Region Nord";"47498";"0";"0";"0";"87786";"0";""
"2022";"januar-august";"Somatikk (SOM)";"Alle aktører";"Landet";"2109856";"405783";"2439038";"591938";"5763675";"483929";""
"2022";"januar-august";"Somatikk (SOM)";"Alle aktører";"Region Sør-Øst";"1203414";"223484";"1322384";"325231";"3302769";"276433";""
"2022";"januar-august";"Somatikk (SOM)";"Alle aktører";"Region Vest";"426758";"85861";"492715";"125259";"1142220";"79273";""
"2022";"januar-august";"Somatikk (SOM)";"Alle aktører";"Region Midt-Norge";"290069";"57520";"359426";"83945";"830129";"74415";""
"2022";"januar-august";"Somatikk (SOM)";"Alle aktører";"Region Nord";"191989";"39050";"264513";"57503";"488557";"53808";""
"2022";"hele året";"Somatikk (SOM)";"Offentlige helseforetak og private institusjoner";"Landet";"2085942";"576944";"3748851";"904491";"6444625";"748356";""
"2022";"hele året";"Somatikk (SOM)";"Offentlige helseforetak og private institusjoner";"Region Sør-Øst";"1146848";"318752";"2038553";"498270";"3490317";"431306";""
"2022";"hele året";"Somatikk (SOM)";"Offentlige helseforetak og private institusjoner";"Region Vest";"433802";"122070";"755420";"191348";"1330225";"123768";""
"2022";"hele året";"Somatikk (SOM)";"Offentlige helseforetak og private institusjoner";"Region Midt-Norge";"300757";"81009";"550341";"126923";"1003603";"111171";""
"2022";"hele året";"Somatikk (SOM)";"Offentlige helseforetak og private institusjoner";"Region Nord";"209121";"55455";"404537";"87950";"620480";"82111";""
"2022";"hele året";"Somatikk (SOM)";"Avtalespesialister";"Landet";"1093766";"0";"0";"0";"2509260";"0";""
"2022";"hele året";"Somatikk (SOM)";"Avtalespesialister";"Region Sør-Øst";"689730";"0";"0";"0";"1634291";"0";""
"2022";"hele året";"Somatikk (SOM)";"Avtalespesialister";"Region Vest";"210202";"0";"0";"0";"456233";"0";""
"2022";"hele året";"Somatikk (SOM)";"Avtalespesialister";"Region Midt-Norge";"129826";"0";"0";"0";"282696";"0";""
"2022";"hele året";"Somatikk (SOM)";"Avtalespesialister";"Region Nord";"64775";"0";"0";"0";"136040";"0";""
"2022";"hele året";"Somatikk (SOM)";"Alle aktører";"Landet";"2601714";"576944";"3748851";"904491";"8953885";"748356";""
"2022";"hele året";"Somatikk (SOM)";"Alle aktører";"Region Sør-Øst";"1484174";"318752";"2038553";"498270";"5124608";"431306";""
"2022";"hele året";"Somatikk (SOM)";"Alle aktører";"Region Vest";"530399";"122070";"755420";"191348";"1786458";"123768";""
"2022";"hele året";"Somatikk (SOM)";"Alle aktører";"Region Midt-Norge";"356713";"81009";"550341";"126923";"1286299";"111171";""
"2022";"hele året";"Somatikk (SOM)";"Alle aktører";"Region Nord";"236208";"55455";"404537";"87950";"756520";"82111";""
"2023";"januar-april";"Somatikk (SOM)";"Offentlige helseforetak og private institusjoner";"Landet";"1202896";"230917";"1258898";"303886";"2323580";"258986";""
"2023";"januar-april";"Somatikk (SOM)";"Offentlige helseforetak og private institusjoner";"Region Sør-Øst";"653258";"127941";"695684";"168741";"1248326";"148925";""
"2023";"januar-april";"Somatikk (SOM)";"Offentlige helseforetak og private institusjoner";"Region Vest";"250796";"48382";"247393";"63809";"487289";"42913";""
"2023";"januar-april";"Somatikk (SOM)";"Offentlige helseforetak og private institusjoner";"Region Midt-Norge";"177279";"32086";"182593";"41937";"365359";"38128";""
"2023";"januar-april";"Somatikk (SOM)";"Offentlige helseforetak og private institusjoner";"Region Nord";"121966";"22556";"133228";"29399";"222606";"29020";""
"2023";"januar-april";"Somatikk (SOM)";"Avtalespesialister";"Landet";"559829";"0";"0";"0";"918428";"0";""
"2023";"januar-april";"Somatikk (SOM)";"Avtalespesialister";"Region Sør-Øst";"358667";"0";"0";"0";"598677";"0";""
"2023";"januar-april";"Somatikk (SOM)";"Avtalespesialister";"Region Vest";"104047";"0";"0";"0";"161742";"0";""
"2023";"januar-april";"Somatikk (SOM)";"Avtalespesialister";"Region Midt-Norge";"66789";"0";"0";"0";"108540";"0";""
"2023";"januar-april";"Somatikk (SOM)";"Avtalespesialister";"Region Nord";"30376";"0";"0";"0";"49469";"0";""
"2023";"januar-april";"Somatikk (SOM)";"Alle aktører";"Landet";"1575176";"230917";"1258898";"303886";"3242008";"258986";""
"2023";"januar-april";"Somatikk (SOM)";"Alle aktører";"Region Sør-Øst";"897413";"127941";"695684";"168741";"1847003";"148925";""
"2023";"januar-april";"Somatikk (SOM)";"Alle aktører";"Region Vest";"318270";"48382";"247393";"63809";"649031";"42913";""
"2023";"januar-april";"Somatikk (SOM)";"Alle aktører";"Region Midt-Norge";"219193";"32086";"182593";"41937";"473899";"38128";""
"2023";"januar-april";"Somatikk (SOM)";"Alle aktører";"Region Nord";"140779";"22556";"133228";"29399";"272075";"29020";""
"2023";"januar-august";"Somatikk (SOM)";"Offentlige helseforetak og private institusjoner";"Landet";"1711512";"410418";"2464052";"597062";"4384030";"492268";""
"2023";"januar-august";"Somatikk (SOM)";"Offentlige helseforetak og private institusjoner";"Region Sør-Øst";"933229";"227469";"1360310";"331348";"2362812";"283664";""
"2023";"januar-august";"Somatikk (SOM)";"Offentlige helseforetak og private institusjoner";"Region Vest";"357809";"86067";"486075";"125226";"917212";"80354";""
"2023";"januar-august";"Somatikk (SOM)";"Offentlige helseforetak og private institusjoner";"Region Midt-Norge";"249771";"56990";"356009";"82410";"686398";"72869";""
"2023";"januar-august";"Somatikk (SOM)";"Offentlige helseforetak og private institusjoner";"Region Nord";"172677";"40052";"261658";"58078";"417608";"55381";""
"2023";"januar-august";"Somatikk (SOM)";"Avtalespesialister";"Landet";"854123";"0";"0";"0";"1657260";"0";""
"2023";"januar-august";"Somatikk (SOM)";"Avtalespesialister";"Region Sør-Øst";"543724";"0";"0";"0";"1080671";"0";""
"2023";"januar-august";"Somatikk (SOM)";"Avtalespesialister";"Region Vest";"159326";"0";"0";"0";"290168";"0";""
"2023";"januar-august";"Somatikk (SOM)";"Avtalespesialister";"Region Midt-Norge";"102806";"0";"0";"0";"196853";"0";""
"2023";"januar-august";"Somatikk (SOM)";"Avtalespesialister";"Region Nord";"48593";"0";"0";"0";"89568";"0";""
"2023";"januar-august";"Somatikk (SOM)";"Alle aktører";"Landet";"2184091";"410418";"2464052";"597062";"6041290";"492268";""
"2023";"januar-august";"Somatikk (SOM)";"Alle aktører";"Region Sør-Øst";"1245099";"227469";"1360310";"331348";"3443483";"283664";""
"2023";"januar-august";"Somatikk (SOM)";"Alle aktører";"Region Vest";"442697";"86067";"486075";"125226";"1207380";"80354";""
"2023";"januar-august";"Somatikk (SOM)";"Alle aktører";"Region Midt-Norge";"302097";"56990";"356009";"82410";"883251";"72869";""
"2023";"januar-august";"Somatikk (SOM)";"Alle aktører";"Region Nord";"196664";"40052";"261658";"58078";"507176";"55381";""
"2023";"hele året";"Somatikk (SOM)";"Offentlige helseforetak og private institusjoner";"Landet";"2129220";"579467";"3734708";"904182";"6684863";"752067";""
"2023";"hele året";"Somatikk (SOM)";"Offentlige helseforetak og private institusjoner";"Region Sør-Øst";"1165788";"321201";"2057400";"500944";"3601274";"432194";""
"2023";"hele året";"Somatikk (SOM)";"Offentlige helseforetak og private institusjoner";"Region Vest";"445220";"121365";"737012";"189517";"1399894";"122741";""
"2023";"hele året";"Somatikk (SOM)";"Offentlige helseforetak og private institusjoner";"Region Midt-Norge";"309695";"80742";"539040";"125079";"1047224";"113317";""
"2023";"hele året";"Somatikk (SOM)";"Offentlige helseforetak og private institusjoner";"Region Nord";"213094";"56544";"401256";"88642";"636471";"83815";""
"2023";"hele året";"Somatikk (SOM)";"Avtalespesialister";"Landet";"1119423";"0";"0";"0";"2540293";"0";""
"2023";"hele året";"Somatikk (SOM)";"Avtalespesialister";"Region Sør-Øst";"707790";"0";"0";"0";"1657474";"0";""
"2023";"hele året";"Somatikk (SOM)";"Avtalespesialister";"Region Vest";"210570";"0";"0";"0";"443192";"0";""
"2023";"hele året";"Somatikk (SOM)";"Avtalespesialister";"Region Midt-Norge";"135790";"0";"0";"0";"299178";"0";""
"2023";"hele året";"Somatikk (SOM)";"Avtalespesialister";"Region Nord";"66076";"0";"0";"0";"140449";"0";""
"2023";"hele året";"Somatikk (SOM)";"Alle aktører";"Landet";"2659384";"579467";"3734708";"904182";"9225156";"752067";""
"2023";"hele året";"Somatikk (SOM)";"Alle aktører";"Region Sør-Øst";"1516565";"321201";"2057400";"500944";"5258748";"432194";""
"2023";"hele året";"Somatikk (SOM)";"Alle aktører";"Region Vest";"540559";"121365";"737012";"189517";"1843086";"122741";""
"2023";"hele året";"Somatikk (SOM)";"Alle aktører";"Region Midt-Norge";"368010";"80742";"539040";"125079";"1346402";"113317";""
"2023";"hele året";"Somatikk (SOM)";"Alle aktører";"Region Nord";"240041";"56544";"401256";"88642";"776920";"83815";""
"2024";"januar-april";"Somatikk (SOM)";"Offentlige helseforetak og private institusjoner";"Landet";"1223730";"232265";"1258192";"305424";"2372314";"262042";""
"2024";"januar-april";"Somatikk (SOM)";"Offentlige helseforetak og private institusjoner";"Region Sør-Øst";"664729";"128274";"693499";"169304";"1271059";"151177";""
"2024";"januar-april";"Somatikk (SOM)";"Offentlige helseforetak og private institusjoner";"Region Vest";"255660";"49073";"251083";"64341";"504838";"43444";""
"2024";"januar-april";"Somatikk (SOM)";"Offentlige helseforetak og private institusjoner";"Region Midt-Norge";"179902";"32107";"180985";"41732";"367556";"37269";""
"2024";"januar-april";"Somatikk (SOM)";"Offentlige helseforetak og private institusjoner";"Region Nord";"123831";"22841";"132625";"30047";"228861";"30152";""
"2024";"januar-april";"Somatikk (SOM)";"Avtalespesialister";"Landet";"563806";"0";"0";"0";"940711";"0";""
"2024";"januar-april";"Somatikk (SOM)";"Avtalespesialister";"Region Sør-Øst";"363158";"0";"0";"0";"617253";"0";""
"2024";"januar-april";"Somatikk (SOM)";"Avtalespesialister";"Region Vest";"104360";"0";"0";"0";"166061";"0";""
"2024";"januar-april";"Somatikk (SOM)";"Avtalespesialister";"Region Midt-Norge";"65808";"0";"0";"0";"107187";"0";""
"2024";"januar-april";"Somatikk (SOM)";"Avtalespesialister";"Region Nord";"30540";"0";"0";"0";"50210";"0";""
"2024";"januar-april";"Somatikk (SOM)";"Alle aktører";"Landet";"1592575";"232265";"1258192";"305424";"3313025";"262042";""
"2024";"januar-april";"Somatikk (SOM)";"Alle aktører";"Region Sør-Øst";"907295";"128274";"693499";"169304";"1888312";"151177";""
"2024";"januar-april";"Somatikk (SOM)";"Alle aktører";"Region Vest";"322428";"49073";"251083";"64341";"670899";"43444";""
"2024";"januar-april";"Somatikk (SOM)";"Alle aktører";"Region Midt-Norge";"220942";"32107";"180985";"41732";"474743";"37269";""
"2024";"januar-april";"Somatikk (SOM)";"Alle aktører";"Region Nord";"142387";"22841";"132625";"30047";"279071";"30152";""
"2024";"januar-august";"Somatikk (SOM)";"Offentlige helseforetak og private institusjoner";"Landet";"1733390";"412396";"2428909";"597526";"4435671";"490359";""
"2024";"januar-august";"Somatikk (SOM)";"Offentlige helseforetak og private institusjoner";"Region Sør-Øst";"949719";"228362";"1344989";"331640";"2396475";"284145";""
"2024";"januar-august";"Somatikk (SOM)";"Offentlige helseforetak og private institusjoner";"Region Vest";"361575";"86838";"481513";"125371";"937638";"81386";""
"2024";"januar-august";"Somatikk (SOM)";"Offentlige helseforetak og private institusjoner";"Region Midt-Norge";"249619";"57241";"347922";"82071";"676562";"67397";""
"2024";"januar-august";"Somatikk (SOM)";"Offentlige helseforetak og private institusjoner";"Region Nord";"174365";"40102";"254485";"58444";"424996";"57431";""
"2024";"januar-august";"Somatikk (SOM)";"Avtalespesialister";"Landet";"856715";"0";"0";"0";"1694259";"0";""
"2024";"januar-august";"Somatikk (SOM)";"Avtalespesialister";"Region Sør-Øst";"550036";"0";"0";"0";"1117862";"0";""
"2024";"januar-august";"Somatikk (SOM)";"Avtalespesialister";"Region Vest";"158369";"0";"0";"0";"295833";"0";""
"2024";"januar-august";"Somatikk (SOM)";"Avtalespesialister";"Region Midt-Norge";"101038";"0";"0";"0";"192056";"0";""
"2024";"januar-august";"Somatikk (SOM)";"Avtalespesialister";"Region Nord";"47637";"0";"0";"0";"88508";"0";""
"2024";"januar-august";"Somatikk (SOM)";"Alle aktører";"Landet";"2199089";"412396";"2428909";"597526";"6129930";"490359";""
"2024";"januar-august";"Somatikk (SOM)";"Alle aktører";"Region Sør-Øst";"1257700";"228362";"1344989";"331640";"3514337";"284145";""
"2024";"januar-august";"Somatikk (SOM)";"Alle aktører";"Region Vest";"445044";"86838";"481513";"125371";"1233471";"81386";""
"2024";"januar-august";"Somatikk (SOM)";"Alle aktører";"Region Midt-Norge";"301347";"57241";"347922";"82071";"868618";"67397";""
"2024";"januar-august";"Somatikk (SOM)";"Alle aktører";"Region Nord";"197381";"40102";"254485";"58444";"513504";"57431";""
"2024";"hele året";"Somatikk (SOM)";"Offentlige helseforetak og private institusjoner";"Landet";"2159626";"582825";"3677218";"903647";"6799840";"750787";""
"2024";"hele året";"Somatikk (SOM)";"Offentlige helseforetak og private institusjoner";"Region Sør-Øst";"1187651";"322780";"2036935";"500479";"3671090";"435346";""
"2024";"hele året";"Somatikk (SOM)";"Offentlige helseforetak og private institusjoner";"Region Vest";"451397";"122529";"723222";"189267";"1442704";"123379";""
"2024";"hele året";"Somatikk (SOM)";"Offentlige helseforetak og private institusjoner";"Region Midt-Norge";"309834";"81129";"526416";"124784";"1035727";"105561";""
"2024";"hele året";"Somatikk (SOM)";"Offentlige helseforetak og private institusjoner";"Region Nord";"215124";"56724";"390645";"89117";"650319";"86501";""
"2024";"hele året";"Somatikk (SOM)";"Avtalespesialister";"Landet";"1135148";"0";"0";"0";"2640699";"0";""
"2024";"hele året";"Somatikk (SOM)";"Avtalespesialister";"Region Sør-Øst";"723539";"0";"0";"0";"1741450";"0";""
"2024";"hele året";"Somatikk (SOM)";"Avtalespesialister";"Region Vest";"211575";"0";"0";"0";"458914";"0";""
"2024";"hele året";"Somatikk (SOM)";"Avtalespesialister";"Region Midt-Norge";"136408";"0";"0";"0";"300481";"0";""
"2024";"hele året";"Somatikk (SOM)";"Avtalespesialister";"Region Nord";"64538";"0";"0";"0";"139854";"0";""
"2024";"hele året";"Somatikk (SOM)";"Alle aktører";"Landet";"2688657";"582825";"3677218";"903647";"9440539";"750787";""
"2024";"hele året";"Somatikk (SOM)";"Alle aktører";"Region Sør-Øst";"1538152";"322780";"2036935";"500479";"5412540";"435346";""
"2024";"hele året";"Somatikk (SOM)";"Alle aktører";"Region Vest";"545972";"122529";"723222";"189267";"1901618";"123379";""
"2024";"hele året";"Somatikk (SOM)";"Alle aktører";"Region Midt-Norge";"369406";"81129";"526416";"124784";"1336208";"105561";""
"2024";"hele året";"Somatikk (SOM)";"Alle aktører";"Region Nord";"240724";"56724";"390645";"89117";"790173";"86501";""
"2025";"januar-april";"Somatikk (SOM)";"Offentlige helseforetak og private institusjoner";"Landet";"1263755";"233139";"1218245";"305321";"2454134";"263928";""
"2025";"januar-april";"Somatikk (SOM)";"Offentlige helseforetak og private institusjoner";"Region Sør-Øst";"687936";"127817";"665315";"167553";"1321703";"152905";""
"2025";"januar-april";"Somatikk (SOM)";"Offentlige helseforetak og private institusjoner";"Region Vest";"264439";"49046";"239628";"64022";"525600";"41772";""
"2025";"januar-april";"Somatikk (SOM)";"Offentlige helseforetak og private institusjoner";"Region Midt-Norge";"183175";"32929";"178161";"43024";"368278";"40087";""
"2025";"januar-april";"Somatikk (SOM)";"Offentlige helseforetak og private institusjoner";"Region Nord";"128591";"23380";"135141";"30722";"238553";"29164";""
"2025";"januar-april";"Somatikk (SOM)";"Avtalespesialister";"Landet";"604755";"0";"0";"0";"1009603";"0";""
"2025";"januar-april";"Somatikk (SOM)";"Avtalespesialister";"Region Sør-Øst";"392028";"0";"0";"0";"667030";"0";""
"2025";"januar-april";"Somatikk (SOM)";"Avtalespesialister";"Region Vest";"108934";"0";"0";"0";"171506";"0";""
"2025";"januar-april";"Somatikk (SOM)";"Avtalespesialister";"Region Midt-Norge";"70606";"0";"0";"0";"115984";"0";""
"2025";"januar-april";"Somatikk (SOM)";"Avtalespesialister";"Region Nord";"33263";"0";"0";"0";"55083";"0";""
"2025";"januar-april";"Somatikk (SOM)";"Alle aktører";"Landet";"1654620";"233139";"1218245";"305321";"3463737";"263928";""
"2025";"januar-april";"Somatikk (SOM)";"Alle aktører";"Region Sør-Øst";"946446";"127817";"665315";"167553";"1988733";"152905";""
"2025";"januar-april";"Somatikk (SOM)";"Alle aktører";"Region Vest";"333149";"49046";"239628";"64022";"697106";"41772";""
"2025";"januar-april";"Somatikk (SOM)";"Alle aktører";"Region Midt-Norge";"226943";"32929";"178161";"43024";"484262";"40087";""
"2025";"januar-april";"Somatikk (SOM)";"Alle aktører";"Region Nord";"148576";"23380";"135141";"30722";"293636";"29164";""
"2025";"januar-august";"Somatikk (SOM)";"Offentlige helseforetak og private institusjoner";"Landet";"1771954";"415939";"2369587";"600906";"4581425";"494697";""
"2025";"januar-august";"Somatikk (SOM)";"Offentlige helseforetak og private institusjoner";"Region Sør-Øst";"969104";"229285";"1297280";"330900";"2472710";"288902";""
"2025";"januar-august";"Somatikk (SOM)";"Offentlige helseforetak og private institusjoner";"Region Vest";"370353";"87482";"466898";"126009";"977201";"75720";""
"2025";"januar-august";"Somatikk (SOM)";"Offentlige helseforetak og private institusjoner";"Region Midt-Norge";"253964";"58555";"344031";"84387";"682982";"74496";""
"2025";"januar-august";"Somatikk (SOM)";"Offentlige helseforetak og private institusjoner";"Region Nord";"180450";"40748";"261378";"59610";"448532";"55579";""
"2025";"januar-august";"Somatikk (SOM)";"Avtalespesialister";"Landet";"914432";"0";"0";"0";"1818076";"0";""
"2025";"januar-august";"Somatikk (SOM)";"Avtalespesialister";"Region Sør-Øst";"588348";"0";"0";"0";"1202627";"0";""
"2025";"januar-august";"Somatikk (SOM)";"Avtalespesialister";"Region Vest";"168058";"0";"0";"0";"311332";"0";""
"2025";"januar-august";"Somatikk (SOM)";"Avtalespesialister";"Region Midt-Norge";"108080";"0";"0";"0";"209983";"0";""
"2025";"januar-august";"Somatikk (SOM)";"Avtalespesialister";"Region Nord";"50321";"0";"0";"0";"94134";"0";""
"2025";"januar-august";"Somatikk (SOM)";"Alle aktører";"Landet";"2262292";"415939";"2369587";"600906";"6399501";"494697";""
"2025";"januar-august";"Somatikk (SOM)";"Alle aktører";"Region Sør-Øst";"1293497";"229285";"1297280";"330900";"3675337";"288902";""
"2025";"januar-august";"Somatikk (SOM)";"Alle aktører";"Region Vest";"458123";"87482";"466898";"126009";"1288533";"75720";""
"2025";"januar-august";"Somatikk (SOM)";"Alle aktører";"Region Midt-Norge";"308860";"58555";"344031";"84387";"892965";"74496";""
"2025";"januar-august";"Somatikk (SOM)";"Alle aktører";"Region Nord";"204283";"40748";"261378";"59610";"542666";"55579";""
"2025";"hele året";"Somatikk (SOM)";"Offentlige helseforetak og private institusjoner";"Landet";"2190380";"587451";"3595582";"909680";"7008282";"760818";""
"2025";"hele året";"Somatikk (SOM)";"Offentlige helseforetak og private institusjoner";"Region Sør-Øst";"1202925";"325036";"1978140";"503434";"3781949";"445161";""
"2025";"hele året";"Somatikk (SOM)";"Offentlige helseforetak og private institusjoner";"Region Vest";"459769";"123304";"702362";"189572";"1495687";"115608";""
"2025";"hele året";"Somatikk (SOM)";"Offentlige helseforetak og private institusjoner";"Region Midt-Norge";"312196";"82289";"521920";"126933";"1046602";"115576";""
"2025";"hele året";"Somatikk (SOM)";"Offentlige helseforetak og private institusjoner";"Region Nord";"219978";"57155";"393160";"89741";"684044";"84473";""
"2025";"hele året";"Somatikk (SOM)";"Avtalespesialister";"Landet";"1200059";"0";"0";"0";"2811662";"0";""
"2025";"hele året";"Somatikk (SOM)";"Avtalespesialister";"Region Sør-Øst";"768031";"0";"0";"0";"1860457";"0";""
"2025";"hele året";"Somatikk (SOM)";"Avtalespesialister";"Region Vest";"222191";"0";"0";"0";"481307";"0";""
"2025";"hele året";"Somatikk (SOM)";"Avtalespesialister";"Region Midt-Norge";"143175";"0";"0";"0";"323753";"0";""
"2025";"hele året";"Somatikk (SOM)";"Avtalespesialister";"Region Nord";"67613";"0";"0";"0";"146145";"0";""
"2025";"hele året";"Somatikk (SOM)";"Alle aktører";"Landet";"2739878";"587451";"3595582";"909680";"9819944";"760818";""
"2025";"hele året";"Somatikk (SOM)";"Alle aktører";"Region Sør-Øst";"1568250";"325036";"1978140";"503434";"5642406";"445161";""
"2025";"hele året";"Somatikk (SOM)";"Alle aktører";"Region Vest";"557630";"123304";"702362";"189572";"1976994";"115608";""
"2025";"hele året";"Somatikk (SOM)";"Alle aktører";"Region Midt-Norge";"373476";"82289";"521920";"126933";"1370355";"115576";""
"2025";"hele året";"Somatikk (SOM)";"Alle aktører";"Region Nord";"246381";"57155";"393160";"89741";"830189";"84473";""
"2026";"januar-april";"Somatikk (SOM)";"Offentlige helseforetak og private institusjoner";"Landet";"1255161";"234829";"1197527";"305753";"2461209";"260633";""
"2026";"januar-april";"Somatikk (SOM)";"Offentlige helseforetak og private institusjoner";"Region Sør-Øst";"684478";"130595";"662507";"170568";"1323212";"151836";""
"2026";"januar-april";"Somatikk (SOM)";"Offentlige helseforetak og private institusjoner";"Region Vest";"262499";"49381";"237111";"64057";"527589";"40085";""
"2026";"januar-april";"Somatikk (SOM)";"Offentlige helseforetak og private institusjoner";"Region Midt-Norge";"181357";"32361";"169842";"41849";"369359";"39954";""
"2026";"januar-april";"Somatikk (SOM)";"Offentlige helseforetak og private institusjoner";"Region Nord";"127231";"22519";"128067";"29279";"241049";"28758";""
"2026";"januar-april";"Somatikk (SOM)";"Avtalespesialister";"Landet";"556518";"0";"0";"0";"907205";"0";""
"2026";"januar-april";"Somatikk (SOM)";"Avtalespesialister";"Region Sør-Øst";"354305";"0";"0";"0";"588769";"0";""
"2026";"januar-april";"Somatikk (SOM)";"Avtalespesialister";"Region Vest";"107429";"0";"0";"0";"166964";"0";""
"2026";"januar-april";"Somatikk (SOM)";"Avtalespesialister";"Region Midt-Norge";"65516";"0";"0";"0";"103582";"0";""
"2026";"januar-april";"Somatikk (SOM)";"Avtalespesialister";"Region Nord";"29326";"0";"0";"0";"47890";"0";""
"2026";"januar-april";"Somatikk (SOM)";"Alle aktører";"Landet";"1614030";"234829";"1197527";"305753";"3368414";"260633";""
"2026";"januar-april";"Somatikk (SOM)";"Alle aktører";"Region Sør-Øst";"917298";"130595";"662507";"170568";"1911981";"151836";""
"2026";"januar-april";"Somatikk (SOM)";"Alle aktører";"Region Vest";"330516";"49381";"237111";"64057";"694553";"40085";""
"2026";"januar-april";"Somatikk (SOM)";"Alle aktører";"Region Midt-Norge";"221734";"32361";"169842";"41849";"472941";"39954";""
"2026";"januar-april";"Somatikk (SOM)";"Alle aktører";"Region Nord";"144969";"22519";"128067";"29279";"288939";"28758";""
"2026";"januar-august";"Somatikk (SOM)";"Offentlige helseforetak og private institusjoner";"Landet";"";"";"";"";"";"";".."
"2026";"januar-august";"Somatikk (SOM)";"Offentlige helseforetak og private institusjoner";"Region Sør-Øst";"";"";"";"";"";"";".."
"2026";"januar-august";"Somatikk (SOM)";"Offentlige helseforetak og private institusjoner";"Region Vest";"";"";"";"";"";"";".."
"2026";"januar-august";"Somatikk (SOM)";"Offentlige helseforetak og private institusjoner";"Region Midt-Norge";"";"";"";"";"";"";".."
"2026";"januar-august";"Somatikk (SOM)";"Offentlige helseforetak og private institusjoner";"Region Nord";"";"";"";"";"";"";".."
"2026";"januar-august";"Somatikk (SOM)";"Avtalespesialister";"Landet";"";"";"";"";"";"";".."
"2026";"januar-august";"Somatikk (SOM)";"Avtalespesialister";"Region Sør-Øst";"";"";"";"";"";"";".."
"2026";"januar-august";"Somatikk (SOM)";"Avtalespesialister";"Region Vest";"";"";"";"";"";"";".."
"2026";"januar-august";"Somatikk (SOM)";"Avtalespesialister";"Region Midt-Norge";"";"";"";"";"";"";".."
"2026";"januar-august";"Somatikk (SOM)";"Avtalespesialister";"Region Nord";"";"";"";"";"";"";".."
"2026";"januar-august";"Somatikk (SOM)";"Alle aktører";"Landet";"";"";"";"";"";"";".."
"2026";"januar-august";"Somatikk (SOM)";"Alle aktører";"Region Sør-Øst";"";"";"";"";"";"";".."
"2026";"januar-august";"Somatikk (SOM)";"Alle aktører";"Region Vest";"";"";"";"";"";"";".."
"2026";"januar-august";"Somatikk (SOM)";"Alle aktører";"Region Midt-Norge";"";"";"";"";"";"";".."
"2026";"januar-august";"Somatikk (SOM)";"Alle aktører";"Region Nord";"";"";"";"";"";"";".."
"2026";"hele året";"Somatikk (SOM)";"Offentlige helseforetak og private institusjoner";"Landet";"";"";"";"";"";"";".."
"2026";"hele året";"Somatikk (SOM)";"Offentlige helseforetak og private institusjoner";"Region Sør-Øst";"";"";"";"";"";"";".."
"2026";"hele året";"Somatikk (SOM)";"Offentlige helseforetak og private institusjoner";"Region Vest";"";"";"";"";"";"";".."
"2026";"hele året";"Somatikk (SOM)";"Offentlige helseforetak og private institusjoner";"Region Midt-Norge";"";"";"";"";"";"";".."
"2026";"hele året";"Somatikk (SOM)";"Offentlige helseforetak og private institusjoner";"Region Nord";"";"";"";"";"";"";".."
"2026";"hele året";"Somatikk (SOM)";"Avtalespesialister";"Landet";"";"";"";"";"";"";".."
"2026";"hele året";"Somatikk (SOM)";"Avtalespesialister";"Region Sør-Øst";"";"";"";"";"";"";".."
"2026";"hele året";"Somatikk (SOM)";"Avtalespesialister";"Region Vest";"";"";"";"";"";"";".."
"2026";"hele året";"Somatikk (SOM)";"Avtalespesialister";"Region Midt-Norge";"";"";"";"";"";"";".."
"2026";"hele året";"Somatikk (SOM)";"Avtalespesialister";"Region Nord";"";"";"";"";"";"";".."
"2026";"hele året";"Somatikk (SOM)";"Alle aktører";"Landet";"";"";"";"";"";"";".."
"2026";"hele året";"Somatikk (SOM)";"Alle aktører";"Region Sør-Øst";"";"";"";"";"";"";".."
"2026";"hele året";"Somatikk (SOM)";"Alle aktører";"Region Vest";"";"";"";"";"";"";".."
"2026";"hele året";"Somatikk (SOM)";"Alle aktører";"Region Midt-Norge";"";"";"";"";"";"";".."
"2026";"hele året";"Somatikk (SOM)";"Alle aktører";"Region Nord";"";"";"";"";"";"";".."
