"År";"Periode";"Tjenesteområde";"Aktører";"Bostedsregion";"Antall pasienter";"Antall pasienter i døgnbehandling";"Antall oppholdsdøgn";"Antall kontakter i poliklinikk";"FLAGG"
"2017";"januar-april";"PHV-Psykisk helsevern for voksne";"Offentlige helseforetak og private institusjoner";"Landet";"97221";"13361";"363155";"664176";""
"2017";"januar-april";"PHV-Psykisk helsevern for voksne";"Offentlige helseforetak og private institusjoner";"Region Sør-Øst";"53220";"7087";"197410";"375405";""
"2017";"januar-april";"PHV-Psykisk helsevern for voksne";"Offentlige helseforetak og private institusjoner";"Region Vest";"18819";"2902";"82242";"126627";""
"2017";"januar-april";"PHV-Psykisk helsevern for voksne";"Offentlige helseforetak og private institusjoner";"Region Midt-Norge";"15270";"1823";"43385";"102819";""
"2017";"januar-april";"PHV-Psykisk helsevern for voksne";"Offentlige helseforetak og private institusjoner";"Region Nord";"10079";"1568";"40118";"59325";""
"2017";"januar-april";"PHV-Psykisk helsevern for voksne";"Avtalespesialister";"Landet";"34720";"0";"0";"230959";""
"2017";"januar-april";"PHV-Psykisk helsevern for voksne";"Avtalespesialister";"Region Sør-Øst";"22718";"0";"0";"160680";""
"2017";"januar-april";"PHV-Psykisk helsevern for voksne";"Avtalespesialister";"Region Vest";"7783";"0";"0";"43778";""
"2017";"januar-april";"PHV-Psykisk helsevern for voksne";"Avtalespesialister";"Region Midt-Norge";"2487";"0";"0";"14625";""
"2017";"januar-april";"PHV-Psykisk helsevern for voksne";"Avtalespesialister";"Region Nord";"1749";"0";"0";"11876";""
"2017";"januar-april";"PHV-Psykisk helsevern for voksne";"Alle aktører";"Landet";"129424";"13361";"363155";"895135";""
"2017";"januar-april";"PHV-Psykisk helsevern for voksne";"Alle aktører";"Region Sør-Øst";"74333";"7087";"197410";"536085";""
"2017";"januar-april";"PHV-Psykisk helsevern for voksne";"Alle aktører";"Region Vest";"26077";"2902";"82242";"170405";""
"2017";"januar-april";"PHV-Psykisk helsevern for voksne";"Alle aktører";"Region Midt-Norge";"17527";"1823";"43385";"117444";""
"2017";"januar-april";"PHV-Psykisk helsevern for voksne";"Alle aktører";"Region Nord";"11674";"1568";"40118";"71201";""
"2017";"januar-august";"PHV-Psykisk helsevern for voksne";"Offentlige helseforetak og private institusjoner";"Landet";"124486";"20594";"705473";"1224460";""
"2017";"januar-august";"PHV-Psykisk helsevern for voksne";"Offentlige helseforetak og private institusjoner";"Region Sør-Øst";"68426";"11051";"385584";"696843";""
"2017";"januar-august";"PHV-Psykisk helsevern for voksne";"Offentlige helseforetak og private institusjoner";"Region Vest";"24080";"4380";"160636";"232667";""
"2017";"januar-august";"PHV-Psykisk helsevern for voksne";"Offentlige helseforetak og private institusjoner";"Region Midt-Norge";"19600";"2825";"84026";"188022";""
"2017";"januar-august";"PHV-Psykisk helsevern for voksne";"Offentlige helseforetak og private institusjoner";"Region Nord";"12892";"2393";"75227";"106928";""
"2017";"januar-august";"PHV-Psykisk helsevern for voksne";"Avtalespesialister";"Landet";"43388";"0";"0";"419739";""
"2017";"januar-august";"PHV-Psykisk helsevern for voksne";"Avtalespesialister";"Region Sør-Øst";"28159";"0";"0";"290776";""
"2017";"januar-august";"PHV-Psykisk helsevern for voksne";"Avtalespesialister";"Region Vest";"9798";"0";"0";"80158";""
"2017";"januar-august";"PHV-Psykisk helsevern for voksne";"Avtalespesialister";"Region Midt-Norge";"3324";"0";"0";"27374";""
"2017";"januar-august";"PHV-Psykisk helsevern for voksne";"Avtalespesialister";"Region Nord";"2193";"0";"0";"21431";""
"2017";"januar-august";"PHV-Psykisk helsevern for voksne";"Alle aktører";"Landet";"163179";"20594";"705473";"1644199";""
"2017";"januar-august";"PHV-Psykisk helsevern for voksne";"Alle aktører";"Region Sør-Øst";"93522";"11051";"385584";"987619";""
"2017";"januar-august";"PHV-Psykisk helsevern for voksne";"Alle aktører";"Region Vest";"32979";"4380";"160636";"312825";""
"2017";"januar-august";"PHV-Psykisk helsevern for voksne";"Alle aktører";"Region Midt-Norge";"22462";"2825";"84026";"215396";""
"2017";"januar-august";"PHV-Psykisk helsevern for voksne";"Alle aktører";"Region Nord";"14827";"2393";"75227";"128359";""
"2017";"hele året";"PHV-Psykisk helsevern for voksne";"Offentlige helseforetak og private institusjoner";"Landet";"150421";"26888";"1063421";"1859924";""
"2017";"hele året";"PHV-Psykisk helsevern for voksne";"Offentlige helseforetak og private institusjoner";"Region Sør-Øst";"82871";"14470";"580401";"1058034";""
"2017";"hele året";"PHV-Psykisk helsevern for voksne";"Offentlige helseforetak og private institusjoner";"Region Vest";"29230";"5740";"242643";"355667";""
"2017";"hele året";"PHV-Psykisk helsevern for voksne";"Offentlige helseforetak og private institusjoner";"Region Midt-Norge";"23618";"3718";"126288";"283796";""
"2017";"hele året";"PHV-Psykisk helsevern for voksne";"Offentlige helseforetak og private institusjoner";"Region Nord";"15619";"3052";"114089";"162427";""
"2017";"hele året";"PHV-Psykisk helsevern for voksne";"Avtalespesialister";"Landet";"52111";"0";"0";"654148";""
"2017";"hele året";"PHV-Psykisk helsevern for voksne";"Avtalespesialister";"Region Sør-Øst";"33435";"0";"0";"452298";""
"2017";"hele året";"PHV-Psykisk helsevern for voksne";"Avtalespesialister";"Region Vest";"11831";"0";"0";"123955";""
"2017";"hele året";"PHV-Psykisk helsevern for voksne";"Avtalespesialister";"Region Midt-Norge";"4297";"0";"0";"44400";""
"2017";"hele året";"PHV-Psykisk helsevern for voksne";"Avtalespesialister";"Region Nord";"2695";"0";"0";"33495";""
"2017";"hele året";"PHV-Psykisk helsevern for voksne";"Alle aktører";"Landet";"195248";"26888";"1063421";"2514072";""
"2017";"hele året";"PHV-Psykisk helsevern for voksne";"Alle aktører";"Region Sør-Øst";"111625";"14470";"580401";"1510332";""
"2017";"hele året";"PHV-Psykisk helsevern for voksne";"Alle aktører";"Region Vest";"39643";"5740";"242643";"479622";""
"2017";"hele året";"PHV-Psykisk helsevern for voksne";"Alle aktører";"Region Midt-Norge";"27150";"3718";"126288";"328196";""
"2017";"hele året";"PHV-Psykisk helsevern for voksne";"Alle aktører";"Region Nord";"17922";"3052";"114089";"195922";""
"2018";"januar-april";"PHV-Psykisk helsevern for voksne";"Offentlige helseforetak og private institusjoner";"Landet";"96955";"13394";"356350";"639232";""
"2018";"januar-april";"PHV-Psykisk helsevern for voksne";"Offentlige helseforetak og private institusjoner";"Region Sør-Øst";"52029";"7126";"192374";"360204";""
"2018";"januar-april";"PHV-Psykisk helsevern for voksne";"Offentlige helseforetak og private institusjoner";"Region Vest";"19502";"2880";"83058";"125818";""
"2018";"januar-april";"PHV-Psykisk helsevern for voksne";"Offentlige helseforetak og private institusjoner";"Region Midt-Norge";"15409";"1789";"41936";"95413";""
"2018";"januar-april";"PHV-Psykisk helsevern for voksne";"Offentlige helseforetak og private institusjoner";"Region Nord";"10182";"1621";"38982";"57797";""
"2018";"januar-april";"PHV-Psykisk helsevern for voksne";"Avtalespesialister";"Landet";"35309";"0";"0";"229117";""
"2018";"januar-april";"PHV-Psykisk helsevern for voksne";"Avtalespesialister";"Region Sør-Øst";"22707";"0";"0";"155888";""
"2018";"januar-april";"PHV-Psykisk helsevern for voksne";"Avtalespesialister";"Region Vest";"8074";"0";"0";"44854";""
"2018";"januar-april";"PHV-Psykisk helsevern for voksne";"Avtalespesialister";"Region Midt-Norge";"2756";"0";"0";"16108";""
"2018";"januar-april";"PHV-Psykisk helsevern for voksne";"Avtalespesialister";"Region Nord";"1794";"0";"0";"12267";""
"2018";"januar-april";"PHV-Psykisk helsevern for voksne";"Alle aktører";"Landet";"129838";"13394";"356350";"868349";""
"2018";"januar-april";"PHV-Psykisk helsevern for voksne";"Alle aktører";"Region Sør-Øst";"73178";"7126";"192374";"516092";""
"2018";"januar-april";"PHV-Psykisk helsevern for voksne";"Alle aktører";"Region Vest";"27080";"2880";"83058";"170672";""
"2018";"januar-april";"PHV-Psykisk helsevern for voksne";"Alle aktører";"Region Midt-Norge";"17908";"1789";"41936";"111521";""
"2018";"januar-april";"PHV-Psykisk helsevern for voksne";"Alle aktører";"Region Nord";"11862";"1621";"38982";"70064";""
"2018";"januar-august";"PHV-Psykisk helsevern for voksne";"Offentlige helseforetak og private institusjoner";"Landet";"124234";"20421";"694596";"1182718";""
"2018";"januar-august";"PHV-Psykisk helsevern for voksne";"Offentlige helseforetak og private institusjoner";"Region Sør-Øst";"67378";"11046";"380102";"671609";""
"2018";"januar-august";"PHV-Psykisk helsevern for voksne";"Offentlige helseforetak og private institusjoner";"Region Vest";"24732";"4347";"161192";"232320";""
"2018";"januar-august";"PHV-Psykisk helsevern for voksne";"Offentlige helseforetak og private institusjoner";"Region Midt-Norge";"19630";"2714";"80368";"174804";""
"2018";"januar-august";"PHV-Psykisk helsevern for voksne";"Offentlige helseforetak og private institusjoner";"Region Nord";"13019";"2365";"72934";"103985";""
"2018";"januar-august";"PHV-Psykisk helsevern for voksne";"Avtalespesialister";"Landet";"43748";"0";"0";"412387";""
"2018";"januar-august";"PHV-Psykisk helsevern for voksne";"Avtalespesialister";"Region Sør-Øst";"27982";"0";"0";"280272";""
"2018";"januar-august";"PHV-Psykisk helsevern for voksne";"Avtalespesialister";"Region Vest";"10073";"0";"0";"80773";""
"2018";"januar-august";"PHV-Psykisk helsevern for voksne";"Avtalespesialister";"Region Midt-Norge";"3527";"0";"0";"29421";""
"2018";"januar-august";"PHV-Psykisk helsevern for voksne";"Avtalespesialister";"Region Nord";"2237";"0";"0";"21921";""
"2018";"januar-august";"PHV-Psykisk helsevern for voksne";"Alle aktører";"Landet";"163491";"20421";"694596";"1595105";""
"2018";"januar-august";"PHV-Psykisk helsevern for voksne";"Alle aktører";"Region Sør-Øst";"92487";"11046";"380102";"951881";""
"2018";"januar-august";"PHV-Psykisk helsevern for voksne";"Alle aktører";"Region Vest";"33897";"4347";"161192";"313093";""
"2018";"januar-august";"PHV-Psykisk helsevern for voksne";"Alle aktører";"Region Midt-Norge";"22688";"2714";"80368";"204225";""
"2018";"januar-august";"PHV-Psykisk helsevern for voksne";"Alle aktører";"Region Nord";"15028";"2365";"72934";"125906";""
"2018";"hele året";"PHV-Psykisk helsevern for voksne";"Offentlige helseforetak og private institusjoner";"Landet";"150731";"27061";"1057197";"1812434";""
"2018";"hele året";"PHV-Psykisk helsevern for voksne";"Offentlige helseforetak og private institusjoner";"Region Sør-Øst";"82577";"14715";"581046";"1033679";""
"2018";"hele året";"PHV-Psykisk helsevern for voksne";"Offentlige helseforetak og private institusjoner";"Region Vest";"29795";"5711";"242769";"353456";""
"2018";"hele året";"PHV-Psykisk helsevern for voksne";"Offentlige helseforetak og private institusjoner";"Region Midt-Norge";"23634";"3580";"122326";"266178";""
"2018";"hele året";"PHV-Psykisk helsevern for voksne";"Offentlige helseforetak og private institusjoner";"Region Nord";"15665";"3150";"111056";"159121";""
"2018";"hele året";"PHV-Psykisk helsevern for voksne";"Avtalespesialister";"Landet";"52694";"0";"0";"642980";""
"2018";"hele året";"PHV-Psykisk helsevern for voksne";"Avtalespesialister";"Region Sør-Øst";"33442";"0";"0";"436180";""
"2018";"hele året";"PHV-Psykisk helsevern for voksne";"Avtalespesialister";"Region Vest";"12192";"0";"0";"126407";""
"2018";"hele året";"PHV-Psykisk helsevern for voksne";"Avtalespesialister";"Region Midt-Norge";"4473";"0";"0";"46425";""
"2018";"hele året";"PHV-Psykisk helsevern for voksne";"Avtalespesialister";"Region Nord";"2724";"0";"0";"33968";""
"2018";"hele året";"PHV-Psykisk helsevern for voksne";"Alle aktører";"Landet";"196274";"27061";"1057197";"2455414";""
"2018";"hele året";"PHV-Psykisk helsevern for voksne";"Alle aktører";"Region Sør-Øst";"111448";"14715";"581046";"1469859";""
"2018";"hele året";"PHV-Psykisk helsevern for voksne";"Alle aktører";"Region Vest";"40514";"5711";"242769";"479863";""
"2018";"hele året";"PHV-Psykisk helsevern for voksne";"Alle aktører";"Region Midt-Norge";"27383";"3580";"122326";"312603";""
"2018";"hele året";"PHV-Psykisk helsevern for voksne";"Alle aktører";"Region Nord";"18038";"3150";"111056";"193089";""
"2019";"januar-april";"PHV-Psykisk helsevern for voksne";"Offentlige helseforetak og private institusjoner";"Landet";"99265";"13638";"358702";"657790";""
"2019";"januar-april";"PHV-Psykisk helsevern for voksne";"Offentlige helseforetak og private institusjoner";"Region Sør-Øst";"54333";"7378";"200254";"378721";""
"2019";"januar-april";"PHV-Psykisk helsevern for voksne";"Offentlige helseforetak og private institusjoner";"Region Vest";"19496";"2880";"79705";"127730";""
"2019";"januar-april";"PHV-Psykisk helsevern for voksne";"Offentlige helseforetak og private institusjoner";"Region Midt-Norge";"15570";"1823";"41524";"95889";""
"2019";"januar-april";"PHV-Psykisk helsevern for voksne";"Offentlige helseforetak og private institusjoner";"Region Nord";"10041";"1570";"37219";"55450";""
"2019";"januar-april";"PHV-Psykisk helsevern for voksne";"Avtalespesialister";"Landet";"34442";"0";"0";"218925";""
"2019";"januar-april";"PHV-Psykisk helsevern for voksne";"Avtalespesialister";"Region Sør-Øst";"21548";"0";"0";"147196";""
"2019";"januar-april";"PHV-Psykisk helsevern for voksne";"Avtalespesialister";"Region Vest";"8137";"0";"0";"43808";""
"2019";"januar-april";"PHV-Psykisk helsevern for voksne";"Avtalespesialister";"Region Midt-Norge";"3008";"0";"0";"16485";""
"2019";"januar-april";"PHV-Psykisk helsevern for voksne";"Avtalespesialister";"Region Nord";"1769";"0";"0";"11436";""
"2019";"januar-april";"PHV-Psykisk helsevern for voksne";"Alle aktører";"Landet";"131195";"13638";"358702";"876715";""
"2019";"januar-april";"PHV-Psykisk helsevern for voksne";"Alle aktører";"Region Sør-Øst";"74299";"7378";"200254";"525917";""
"2019";"januar-april";"PHV-Psykisk helsevern for voksne";"Alle aktører";"Region Vest";"27064";"2880";"79705";"171538";""
"2019";"januar-april";"PHV-Psykisk helsevern for voksne";"Alle aktører";"Region Midt-Norge";"18337";"1823";"41524";"112374";""
"2019";"januar-april";"PHV-Psykisk helsevern for voksne";"Alle aktører";"Region Nord";"11693";"1570";"37219";"66886";""
"2019";"januar-august";"PHV-Psykisk helsevern for voksne";"Offentlige helseforetak og private institusjoner";"Landet";"126935";"20901";"701325";"1203054";""
"2019";"januar-august";"PHV-Psykisk helsevern for voksne";"Offentlige helseforetak og private institusjoner";"Region Sør-Øst";"69881";"11370";"392369";"695854";""
"2019";"januar-august";"PHV-Psykisk helsevern for voksne";"Offentlige helseforetak og private institusjoner";"Region Vest";"24936";"4355";"157845";"233293";""
"2019";"januar-august";"PHV-Psykisk helsevern for voksne";"Offentlige helseforetak og private institusjoner";"Region Midt-Norge";"19733";"2813";"79641";"173893";""
"2019";"januar-august";"PHV-Psykisk helsevern for voksne";"Offentlige helseforetak og private institusjoner";"Region Nord";"12911";"2398";"71470";"100014";""
"2019";"januar-august";"PHV-Psykisk helsevern for voksne";"Avtalespesialister";"Landet";"42229";"0";"0";"388208";""
"2019";"januar-august";"PHV-Psykisk helsevern for voksne";"Avtalespesialister";"Region Sør-Øst";"26386";"0";"0";"262244";""
"2019";"januar-august";"PHV-Psykisk helsevern for voksne";"Avtalespesialister";"Region Vest";"9830";"0";"0";"76090";""
"2019";"januar-august";"PHV-Psykisk helsevern for voksne";"Avtalespesialister";"Region Midt-Norge";"3869";"0";"0";"29549";""
"2019";"januar-august";"PHV-Psykisk helsevern for voksne";"Avtalespesialister";"Region Nord";"2222";"0";"0";"20325";""
"2019";"januar-august";"PHV-Psykisk helsevern for voksne";"Alle aktører";"Landet";"164625";"20901";"701325";"1591262";""
"2019";"januar-august";"PHV-Psykisk helsevern for voksne";"Alle aktører";"Region Sør-Øst";"93378";"11370";"392369";"958098";""
"2019";"januar-august";"PHV-Psykisk helsevern for voksne";"Alle aktører";"Region Vest";"33773";"4355";"157845";"309383";""
"2019";"januar-august";"PHV-Psykisk helsevern for voksne";"Alle aktører";"Region Midt-Norge";"23166";"2813";"79641";"203442";""
"2019";"januar-august";"PHV-Psykisk helsevern for voksne";"Alle aktører";"Region Nord";"14920";"2398";"71470";"120339";""
"2019";"hele året";"PHV-Psykisk helsevern for voksne";"Offentlige helseforetak og private institusjoner";"Landet";"153898";"27505";"1065478";"1836796";""
"2019";"hele året";"PHV-Psykisk helsevern for voksne";"Offentlige helseforetak og private institusjoner";"Region Sør-Øst";"85294";"14965";"594600";"1060586";""
"2019";"hele året";"PHV-Psykisk helsevern for voksne";"Offentlige helseforetak og private institusjoner";"Region Vest";"30175";"5714";"239174";"358668";""
"2019";"hele året";"PHV-Psykisk helsevern for voksne";"Offentlige helseforetak og private institusjoner";"Region Midt-Norge";"23830";"3721";"121685";"265961";""
"2019";"hele året";"PHV-Psykisk helsevern for voksne";"Offentlige helseforetak og private institusjoner";"Region Nord";"15557";"3197";"110019";"151581";""
"2019";"hele året";"PHV-Psykisk helsevern for voksne";"Avtalespesialister";"Landet";"50922";"0";"0";"610614";""
"2019";"hele året";"PHV-Psykisk helsevern for voksne";"Avtalespesialister";"Region Sør-Øst";"31633";"0";"0";"412892";""
"2019";"hele året";"PHV-Psykisk helsevern for voksne";"Avtalespesialister";"Region Vest";"11826";"0";"0";"119402";""
"2019";"hele året";"PHV-Psykisk helsevern for voksne";"Avtalespesialister";"Region Midt-Norge";"4711";"0";"0";"45439";""
"2019";"hele året";"PHV-Psykisk helsevern for voksne";"Avtalespesialister";"Region Nord";"2888";"0";"0";"32881";""
"2019";"hele året";"PHV-Psykisk helsevern for voksne";"Alle aktører";"Landet";"197661";"27505";"1065478";"2447410";""
"2019";"hele året";"PHV-Psykisk helsevern for voksne";"Alle aktører";"Region Sør-Øst";"112338";"14965";"594600";"1473478";""
"2019";"hele året";"PHV-Psykisk helsevern for voksne";"Alle aktører";"Region Vest";"40518";"5714";"239174";"478070";""
"2019";"hele året";"PHV-Psykisk helsevern for voksne";"Alle aktører";"Region Midt-Norge";"27852";"3721";"121685";"311400";""
"2019";"hele året";"PHV-Psykisk helsevern for voksne";"Alle aktører";"Region Nord";"18069";"3197";"110019";"184462";""
"2020";"januar-april";"PHV-Psykisk helsevern for voksne";"Offentlige helseforetak og private institusjoner";"Landet";"98922";"12841";"330886";"639961";""
"2020";"januar-april";"PHV-Psykisk helsevern for voksne";"Offentlige helseforetak og private institusjoner";"Region Sør-Øst";"54934";"7004";"185936";"372052";""
"2020";"januar-april";"PHV-Psykisk helsevern for voksne";"Offentlige helseforetak og private institusjoner";"Region Vest";"19451";"2753";"74050";"123250";""
"2020";"januar-april";"PHV-Psykisk helsevern for voksne";"Offentlige helseforetak og private institusjoner";"Region Midt-Norge";"15490";"1646";"37239";"92358";""
"2020";"januar-april";"PHV-Psykisk helsevern for voksne";"Offentlige helseforetak og private institusjoner";"Region Nord";"9235";"1461";"33661";"52301";""
"2020";"januar-april";"PHV-Psykisk helsevern for voksne";"Avtalespesialister";"Landet";"34994";"0";"0";"235647";""
"2020";"januar-april";"PHV-Psykisk helsevern for voksne";"Avtalespesialister";"Region Sør-Øst";"21776";"0";"0";"157025";""
"2020";"januar-april";"PHV-Psykisk helsevern for voksne";"Avtalespesialister";"Region Vest";"8432";"0";"0";"48687";""
"2020";"januar-april";"PHV-Psykisk helsevern for voksne";"Avtalespesialister";"Region Midt-Norge";"2852";"0";"0";"16553";""
"2020";"januar-april";"PHV-Psykisk helsevern for voksne";"Avtalespesialister";"Region Nord";"1965";"0";"0";"13382";""
"2020";"januar-april";"PHV-Psykisk helsevern for voksne";"Alle aktører";"Landet";"131290";"12841";"330886";"875608";""
"2020";"januar-april";"PHV-Psykisk helsevern for voksne";"Alle aktører";"Region Sør-Øst";"75011";"7004";"185936";"529077";""
"2020";"januar-april";"PHV-Psykisk helsevern for voksne";"Alle aktører";"Region Vest";"27339";"2753";"74050";"171937";""
"2020";"januar-april";"PHV-Psykisk helsevern for voksne";"Alle aktører";"Region Midt-Norge";"18096";"1646";"37239";"108911";""
"2020";"januar-april";"PHV-Psykisk helsevern for voksne";"Alle aktører";"Region Nord";"11064";"1461";"33661";"65683";""
"2020";"januar-august";"PHV-Psykisk helsevern for voksne";"Offentlige helseforetak og private institusjoner";"Landet";"124995";"19788";"641279";"1197214";""
"2020";"januar-august";"PHV-Psykisk helsevern for voksne";"Offentlige helseforetak og private institusjoner";"Region Sør-Øst";"69803";"10776";"362381";"700098";""
"2020";"januar-august";"PHV-Psykisk helsevern for voksne";"Offentlige helseforetak og private institusjoner";"Region Vest";"24540";"4255";"143192";"228224";""
"2020";"januar-august";"PHV-Psykisk helsevern for voksne";"Offentlige helseforetak og private institusjoner";"Region Midt-Norge";"19314";"2594";"72866";"169929";""
"2020";"januar-august";"PHV-Psykisk helsevern for voksne";"Offentlige helseforetak og private institusjoner";"Region Nord";"11952";"2221";"62840";"98963";""
"2020";"januar-august";"PHV-Psykisk helsevern for voksne";"Avtalespesialister";"Landet";"43590";"0";"0";"428826";""
"2020";"januar-august";"PHV-Psykisk helsevern for voksne";"Avtalespesialister";"Region Sør-Øst";"26753";"0";"0";"284567";""
"2020";"januar-august";"PHV-Psykisk helsevern for voksne";"Avtalespesialister";"Region Vest";"10679";"0";"0";"89242";""
"2020";"januar-august";"PHV-Psykisk helsevern for voksne";"Avtalespesialister";"Region Midt-Norge";"3804";"0";"0";"30847";""
"2020";"januar-august";"PHV-Psykisk helsevern for voksne";"Avtalespesialister";"Region Nord";"2465";"0";"0";"24170";""
"2020";"januar-august";"PHV-Psykisk helsevern for voksne";"Alle aktører";"Landet";"163770";"19788";"641279";"1626040";""
"2020";"januar-august";"PHV-Psykisk helsevern for voksne";"Alle aktører";"Region Sør-Øst";"93514";"10776";"362381";"984665";""
"2020";"januar-august";"PHV-Psykisk helsevern for voksne";"Alle aktører";"Region Vest";"34171";"4255";"143192";"317466";""
"2020";"januar-august";"PHV-Psykisk helsevern for voksne";"Alle aktører";"Region Midt-Norge";"22643";"2594";"72866";"200776";""
"2020";"januar-august";"PHV-Psykisk helsevern for voksne";"Alle aktører";"Region Nord";"14170";"2221";"62840";"123133";""
"2020";"hele året";"PHV-Psykisk helsevern for voksne";"Offentlige helseforetak og private institusjoner";"Landet";"153726";"26106";"985086";"1872092";""
"2020";"hele året";"PHV-Psykisk helsevern for voksne";"Offentlige helseforetak og private institusjoner";"Region Sør-Øst";"86497";"14219";"554218";"1094767";""
"2020";"hele året";"PHV-Psykisk helsevern for voksne";"Offentlige helseforetak og private institusjoner";"Region Vest";"30056";"5562";"219402";"355730";""
"2020";"hele året";"PHV-Psykisk helsevern for voksne";"Offentlige helseforetak og private institusjoner";"Region Midt-Norge";"23631";"3562";"112924";"266494";""
"2020";"hele året";"PHV-Psykisk helsevern for voksne";"Offentlige helseforetak og private institusjoner";"Region Nord";"14599";"2869";"98542";"155101";""
"2020";"hele året";"PHV-Psykisk helsevern for voksne";"Avtalespesialister";"Landet";"52841";"0";"0";"680031";""
"2020";"hele året";"PHV-Psykisk helsevern for voksne";"Avtalespesialister";"Region Sør-Øst";"32255";"0";"0";"451946";""
"2020";"hele året";"PHV-Psykisk helsevern for voksne";"Avtalespesialister";"Region Vest";"12994";"0";"0";"141319";""
"2020";"hele året";"PHV-Psykisk helsevern for voksne";"Avtalespesialister";"Region Midt-Norge";"4811";"0";"0";"49060";""
"2020";"hele året";"PHV-Psykisk helsevern for voksne";"Avtalespesialister";"Region Nord";"2976";"0";"0";"37706";""
"2020";"hele året";"PHV-Psykisk helsevern for voksne";"Alle aktører";"Landet";"198884";"26106";"985086";"2552123";""
"2020";"hele året";"PHV-Psykisk helsevern for voksne";"Alle aktører";"Region Sør-Øst";"113907";"14219";"554218";"1546713";""
"2020";"hele året";"PHV-Psykisk helsevern for voksne";"Alle aktører";"Region Vest";"41384";"5562";"219402";"497049";""
"2020";"hele året";"PHV-Psykisk helsevern for voksne";"Alle aktører";"Region Midt-Norge";"27663";"3562";"112924";"315554";""
"2020";"hele året";"PHV-Psykisk helsevern for voksne";"Alle aktører";"Region Nord";"17198";"2869";"98542";"192807";""
"2021";"januar-april";"PHV-Psykisk helsevern for voksne";"Offentlige helseforetak og private institusjoner";"Landet";"102482";"12671";"336138";"698003";""
"2021";"januar-april";"PHV-Psykisk helsevern for voksne";"Offentlige helseforetak og private institusjoner";"Region Sør-Øst";"56553";"6807";"186023";"404163";""
"2021";"januar-april";"PHV-Psykisk helsevern for voksne";"Offentlige helseforetak og private institusjoner";"Region Vest";"19997";"2663";"73817";"130930";""
"2021";"januar-april";"PHV-Psykisk helsevern for voksne";"Offentlige helseforetak og private institusjoner";"Region Midt-Norge";"16086";"1771";"40592";"101808";""
"2021";"januar-april";"PHV-Psykisk helsevern for voksne";"Offentlige helseforetak og private institusjoner";"Region Nord";"10039";"1449";"35706";"61102";""
"2021";"januar-april";"PHV-Psykisk helsevern for voksne";"Avtalespesialister";"Landet";"34330";"0";"0";"239423";""
"2021";"januar-april";"PHV-Psykisk helsevern for voksne";"Avtalespesialister";"Region Sør-Øst";"20947";"0";"0";"158544";""
"2021";"januar-april";"PHV-Psykisk helsevern for voksne";"Avtalespesialister";"Region Vest";"8660";"0";"0";"50516";""
"2021";"januar-april";"PHV-Psykisk helsevern for voksne";"Avtalespesialister";"Region Midt-Norge";"2830";"0";"0";"16702";""
"2021";"januar-april";"PHV-Psykisk helsevern for voksne";"Avtalespesialister";"Region Nord";"1929";"0";"0";"13661";""
"2021";"januar-april";"PHV-Psykisk helsevern for voksne";"Alle aktører";"Landet";"134265";"12671";"336138";"937426";""
"2021";"januar-april";"PHV-Psykisk helsevern for voksne";"Alle aktører";"Region Sør-Øst";"75908";"6807";"186023";"562707";""
"2021";"januar-april";"PHV-Psykisk helsevern for voksne";"Alle aktører";"Region Vest";"28058";"2663";"73817";"181446";""
"2021";"januar-april";"PHV-Psykisk helsevern for voksne";"Alle aktører";"Region Midt-Norge";"18685";"1771";"40592";"118510";""
"2021";"januar-april";"PHV-Psykisk helsevern for voksne";"Alle aktører";"Region Nord";"11843";"1449";"35706";"74763";""
"2021";"januar-august";"PHV-Psykisk helsevern for voksne";"Offentlige helseforetak og private institusjoner";"Landet";"133093";"19970";"665702";"1274951";""
"2021";"januar-august";"PHV-Psykisk helsevern for voksne";"Offentlige helseforetak og private institusjoner";"Region Sør-Øst";"73786";"10798";"370021";"739070";""
"2021";"januar-august";"PHV-Psykisk helsevern for voksne";"Offentlige helseforetak og private institusjoner";"Region Vest";"26218";"4182";"147234";"240457";""
"2021";"januar-august";"PHV-Psykisk helsevern for voksne";"Offentlige helseforetak og private institusjoner";"Region Midt-Norge";"20591";"2768";"79270";"183925";""
"2021";"januar-august";"PHV-Psykisk helsevern for voksne";"Offentlige helseforetak og private institusjoner";"Region Nord";"13204";"2271";"69177";"111499";""
"2021";"januar-august";"PHV-Psykisk helsevern for voksne";"Avtalespesialister";"Landet";"42368";"0";"0";"422369";""
"2021";"januar-august";"PHV-Psykisk helsevern for voksne";"Avtalespesialister";"Region Sør-Øst";"25725";"0";"0";"279411";""
"2021";"januar-august";"PHV-Psykisk helsevern for voksne";"Avtalespesialister";"Region Vest";"10656";"0";"0";"88876";""
"2021";"januar-august";"PHV-Psykisk helsevern for voksne";"Avtalespesialister";"Region Midt-Norge";"3751";"0";"0";"29708";""
"2021";"januar-august";"PHV-Psykisk helsevern for voksne";"Avtalespesialister";"Region Nord";"2385";"0";"0";"24374";""
"2021";"januar-august";"PHV-Psykisk helsevern for voksne";"Alle aktører";"Landet";"170719";"19970";"665702";"1697320";""
"2021";"januar-august";"PHV-Psykisk helsevern for voksne";"Alle aktører";"Region Sør-Øst";"96520";"10798";"370021";"1018481";""
"2021";"januar-august";"PHV-Psykisk helsevern for voksne";"Alle aktører";"Region Vest";"35800";"4182";"147234";"329333";""
"2021";"januar-august";"PHV-Psykisk helsevern for voksne";"Alle aktører";"Region Midt-Norge";"23882";"2768";"79270";"213633";""
"2021";"januar-august";"PHV-Psykisk helsevern for voksne";"Alle aktører";"Region Nord";"15377";"2271";"69177";"135873";""
"2021";"hele året";"PHV-Psykisk helsevern for voksne";"Offentlige helseforetak og private institusjoner";"Landet";"162763";"26355";"1013124";"1945582";""
"2021";"hele året";"PHV-Psykisk helsevern for voksne";"Offentlige helseforetak og private institusjoner";"Region Sør-Øst";"90651";"14340";"563656";"1126866";""
"2021";"hele året";"PHV-Psykisk helsevern for voksne";"Offentlige helseforetak og private institusjoner";"Region Vest";"32090";"5448";"222680";"368018";""
"2021";"hele året";"PHV-Psykisk helsevern for voksne";"Offentlige helseforetak og private institusjoner";"Region Midt-Norge";"25077";"3673";"120904";"280091";""
"2021";"hele året";"PHV-Psykisk helsevern for voksne";"Offentlige helseforetak og private institusjoner";"Region Nord";"16161";"3000";"105884";"170607";""
"2021";"hele året";"PHV-Psykisk helsevern for voksne";"Avtalespesialister";"Landet";"51024";"0";"0";"653811";""
"2021";"hele året";"PHV-Psykisk helsevern for voksne";"Avtalespesialister";"Region Sør-Øst";"31137";"0";"0";"434180";""
"2021";"hele året";"PHV-Psykisk helsevern for voksne";"Avtalespesialister";"Region Vest";"12659";"0";"0";"135760";""
"2021";"hele året";"PHV-Psykisk helsevern for voksne";"Avtalespesialister";"Region Midt-Norge";"4566";"0";"0";"45892";""
"2021";"hele året";"PHV-Psykisk helsevern for voksne";"Avtalespesialister";"Region Nord";"2894";"0";"0";"37979";""
"2021";"hele året";"PHV-Psykisk helsevern for voksne";"Alle aktører";"Landet";"206200";"26355";"1013124";"2599393";""
"2021";"hele året";"PHV-Psykisk helsevern for voksne";"Alle aktører";"Region Sør-Øst";"116961";"14340";"563656";"1561046";""
"2021";"hele året";"PHV-Psykisk helsevern for voksne";"Alle aktører";"Region Vest";"43094";"5448";"222680";"503778";""
"2021";"hele året";"PHV-Psykisk helsevern for voksne";"Alle aktører";"Region Midt-Norge";"28911";"3673";"120904";"325983";""
"2021";"hele året";"PHV-Psykisk helsevern for voksne";"Alle aktører";"Region Nord";"18699";"3000";"105884";"208586";""
"2022";"januar-april";"PHV-Psykisk helsevern for voksne";"Offentlige helseforetak og private institusjoner";"Landet";"106951";"13127";"348035";"674672";""
"2022";"januar-april";"PHV-Psykisk helsevern for voksne";"Offentlige helseforetak og private institusjoner";"Region Sør-Øst";"58428";"7071";"195361";"384746";""
"2022";"januar-april";"PHV-Psykisk helsevern for voksne";"Offentlige helseforetak og private institusjoner";"Region Vest";"21259";"2768";"74296";"128995";""
"2022";"januar-april";"PHV-Psykisk helsevern for voksne";"Offentlige helseforetak og private institusjoner";"Region Midt-Norge";"16717";"1771";"41223";"99060";""
"2022";"januar-april";"PHV-Psykisk helsevern for voksne";"Offentlige helseforetak og private institusjoner";"Region Nord";"10768";"1534";"37155";"61871";""
"2022";"januar-april";"PHV-Psykisk helsevern for voksne";"Avtalespesialister";"Landet";"34545";"0";"0";"229361";""
"2022";"januar-april";"PHV-Psykisk helsevern for voksne";"Avtalespesialister";"Region Sør-Øst";"21133";"0";"0";"150799";""
"2022";"januar-april";"PHV-Psykisk helsevern for voksne";"Avtalespesialister";"Region Vest";"8212";"0";"0";"46508";""
"2022";"januar-april";"PHV-Psykisk helsevern for voksne";"Avtalespesialister";"Region Midt-Norge";"3174";"0";"0";"17951";""
"2022";"januar-april";"PHV-Psykisk helsevern for voksne";"Avtalespesialister";"Region Nord";"2067";"0";"0";"14103";""
"2022";"januar-april";"PHV-Psykisk helsevern for voksne";"Alle aktører";"Landet";"138918";"13127";"348035";"904033";""
"2022";"januar-april";"PHV-Psykisk helsevern for voksne";"Alle aktører";"Region Sør-Øst";"77931";"7071";"195361";"535545";""
"2022";"januar-april";"PHV-Psykisk helsevern for voksne";"Alle aktører";"Region Vest";"28902";"2768";"74296";"175503";""
"2022";"januar-april";"PHV-Psykisk helsevern for voksne";"Alle aktører";"Region Midt-Norge";"19643";"1771";"41223";"117011";""
"2022";"januar-april";"PHV-Psykisk helsevern for voksne";"Alle aktører";"Region Nord";"12702";"1534";"37155";"75974";""
"2022";"januar-august";"PHV-Psykisk helsevern for voksne";"Offentlige helseforetak og private institusjoner";"Landet";"137216";"20595";"686265";"1248370";""
"2022";"januar-august";"PHV-Psykisk helsevern for voksne";"Offentlige helseforetak og private institusjoner";"Region Sør-Øst";"75613";"11238";"386096";"714956";""
"2022";"januar-august";"PHV-Psykisk helsevern for voksne";"Offentlige helseforetak og private institusjoner";"Region Vest";"27364";"4255";"148036";"237718";""
"2022";"januar-august";"PHV-Psykisk helsevern for voksne";"Offentlige helseforetak og private institusjoner";"Region Midt-Norge";"21274";"2773";"80815";"182147";""
"2022";"januar-august";"PHV-Psykisk helsevern for voksne";"Offentlige helseforetak og private institusjoner";"Region Nord";"13707";"2382";"71318";"113549";""
"2022";"januar-august";"PHV-Psykisk helsevern for voksne";"Avtalespesialister";"Landet";"43419";"0";"0";"411262";""
"2022";"januar-august";"PHV-Psykisk helsevern for voksne";"Avtalespesialister";"Region Sør-Øst";"26438";"0";"0";"271391";""
"2022";"januar-august";"PHV-Psykisk helsevern for voksne";"Avtalespesialister";"Region Vest";"10482";"0";"0";"83421";""
"2022";"januar-august";"PHV-Psykisk helsevern for voksne";"Avtalespesialister";"Region Midt-Norge";"4087";"0";"0";"31332";""
"2022";"januar-august";"PHV-Psykisk helsevern for voksne";"Avtalespesialister";"Region Nord";"2561";"0";"0";"25118";""
"2022";"januar-august";"PHV-Psykisk helsevern for voksne";"Alle aktører";"Landet";"175666";"20595";"686265";"1659632";""
"2022";"januar-august";"PHV-Psykisk helsevern for voksne";"Alle aktører";"Region Sør-Øst";"98926";"11238";"386096";"986347";""
"2022";"januar-august";"PHV-Psykisk helsevern for voksne";"Alle aktører";"Region Vest";"36741";"4255";"148036";"321139";""
"2022";"januar-august";"PHV-Psykisk helsevern for voksne";"Alle aktører";"Region Midt-Norge";"24874";"2773";"80815";"213479";""
"2022";"januar-august";"PHV-Psykisk helsevern for voksne";"Alle aktører";"Region Nord";"16017";"2382";"71318";"138667";""
"2022";"hele året";"PHV-Psykisk helsevern for voksne";"Offentlige helseforetak og private institusjoner";"Landet";"167930";"27254";"1039129";"1933752";""
"2022";"hele året";"PHV-Psykisk helsevern for voksne";"Offentlige helseforetak og private institusjoner";"Region Sør-Øst";"92827";"14915";"582674";"1108407";""
"2022";"hele året";"PHV-Psykisk helsevern for voksne";"Offentlige helseforetak og private institusjoner";"Region Vest";"33872";"5607";"225301";"372647";""
"2022";"hele året";"PHV-Psykisk helsevern for voksne";"Offentlige helseforetak og private institusjoner";"Region Midt-Norge";"25761";"3726";"122497";"278460";""
"2022";"hele året";"PHV-Psykisk helsevern for voksne";"Offentlige helseforetak og private institusjoner";"Region Nord";"16741";"3130";"108657";"174238";""
"2022";"hele året";"PHV-Psykisk helsevern for voksne";"Avtalespesialister";"Landet";"52599";"0";"0";"644588";""
"2022";"hele året";"PHV-Psykisk helsevern for voksne";"Avtalespesialister";"Region Sør-Øst";"31964";"0";"0";"426823";""
"2022";"hele året";"PHV-Psykisk helsevern for voksne";"Avtalespesialister";"Region Vest";"12629";"0";"0";"129548";""
"2022";"hele året";"PHV-Psykisk helsevern for voksne";"Avtalespesialister";"Region Midt-Norge";"5104";"0";"0";"48439";""
"2022";"hele året";"PHV-Psykisk helsevern for voksne";"Avtalespesialister";"Region Nord";"3134";"0";"0";"39778";""
"2022";"hele året";"PHV-Psykisk helsevern for voksne";"Alle aktører";"Landet";"212563";"27254";"1039129";"2578340";""
"2022";"hele året";"PHV-Psykisk helsevern for voksne";"Alle aktører";"Region Sør-Øst";"119899";"14915";"582674";"1535230";""
"2022";"hele året";"PHV-Psykisk helsevern for voksne";"Alle aktører";"Region Vest";"44721";"5607";"225301";"502195";""
"2022";"hele året";"PHV-Psykisk helsevern for voksne";"Alle aktører";"Region Midt-Norge";"29991";"3726";"122497";"326899";""
"2022";"hele året";"PHV-Psykisk helsevern for voksne";"Alle aktører";"Region Nord";"19469";"3130";"108657";"214016";""
"2023";"januar-april";"PHV-Psykisk helsevern for voksne";"Offentlige helseforetak og private institusjoner";"Landet";"107072";"13417";"354970";"691630";""
"2023";"januar-april";"PHV-Psykisk helsevern for voksne";"Offentlige helseforetak og private institusjoner";"Region Sør-Øst";"59582";"7407";"196581";"396822";""
"2023";"januar-april";"PHV-Psykisk helsevern for voksne";"Offentlige helseforetak og private institusjoner";"Region Vest";"21152";"2726";"77872";"132391";""
"2023";"januar-april";"PHV-Psykisk helsevern for voksne";"Offentlige helseforetak og private institusjoner";"Region Midt-Norge";"15549";"1752";"42509";"96344";""
"2023";"januar-april";"PHV-Psykisk helsevern for voksne";"Offentlige helseforetak og private institusjoner";"Region Nord";"10976";"1550";"38008";"66073";""
"2023";"januar-april";"PHV-Psykisk helsevern for voksne";"Avtalespesialister";"Landet";"36039";"0";"0";"238107";""
"2023";"januar-april";"PHV-Psykisk helsevern for voksne";"Avtalespesialister";"Region Sør-Øst";"22511";"0";"0";"160040";""
"2023";"januar-april";"PHV-Psykisk helsevern for voksne";"Avtalespesialister";"Region Vest";"7936";"0";"0";"45973";""
"2023";"januar-april";"PHV-Psykisk helsevern for voksne";"Avtalespesialister";"Region Midt-Norge";"3332";"0";"0";"17151";""
"2023";"januar-april";"PHV-Psykisk helsevern for voksne";"Avtalespesialister";"Region Nord";"2296";"0";"0";"14943";""
"2023";"januar-april";"PHV-Psykisk helsevern for voksne";"Alle aktører";"Landet";"140317";"13417";"354970";"929737";""
"2023";"januar-april";"PHV-Psykisk helsevern for voksne";"Alle aktører";"Region Sør-Øst";"80368";"7407";"196581";"556862";""
"2023";"januar-april";"PHV-Psykisk helsevern for voksne";"Alle aktører";"Region Vest";"28533";"2726";"77872";"178364";""
"2023";"januar-april";"PHV-Psykisk helsevern for voksne";"Alle aktører";"Region Midt-Norge";"18520";"1752";"42509";"113495";""
"2023";"januar-april";"PHV-Psykisk helsevern for voksne";"Alle aktører";"Region Nord";"13121";"1550";"38008";"81016";""
"2023";"januar-august";"PHV-Psykisk helsevern for voksne";"Offentlige helseforetak og private institusjoner";"Landet";"138292";"20922";"694446";"1280437";""
"2023";"januar-august";"PHV-Psykisk helsevern for voksne";"Offentlige helseforetak og private institusjoner";"Region Sør-Øst";"77580";"11617";"385438";"738500";""
"2023";"januar-august";"PHV-Psykisk helsevern for voksne";"Offentlige helseforetak og private institusjoner";"Region Vest";"27347";"4215";"152628";"242578";""
"2023";"januar-august";"PHV-Psykisk helsevern for voksne";"Offentlige helseforetak og private institusjoner";"Region Midt-Norge";"19637";"2772";"82696";"176550";""
"2023";"januar-august";"PHV-Psykisk helsevern for voksne";"Offentlige helseforetak og private institusjoner";"Region Nord";"14341";"2375";"73684";"122809";""
"2023";"januar-august";"PHV-Psykisk helsevern for voksne";"Avtalespesialister";"Landet";"44709";"0";"0";"432601";""
"2023";"januar-august";"PHV-Psykisk helsevern for voksne";"Avtalespesialister";"Region Sør-Øst";"28114";"0";"0";"292802";""
"2023";"januar-august";"PHV-Psykisk helsevern for voksne";"Avtalespesialister";"Region Vest";"9706";"0";"0";"82201";""
"2023";"januar-august";"PHV-Psykisk helsevern for voksne";"Avtalespesialister";"Region Midt-Norge";"4148";"0";"0";"30733";""
"2023";"januar-august";"PHV-Psykisk helsevern for voksne";"Avtalespesialister";"Region Nord";"2897";"0";"0";"26865";""
"2023";"januar-august";"PHV-Psykisk helsevern for voksne";"Alle aktører";"Landet";"177597";"20922";"694446";"1713038";""
"2023";"januar-august";"PHV-Psykisk helsevern for voksne";"Alle aktører";"Region Sør-Øst";"102268";"11617";"385438";"1031302";""
"2023";"januar-august";"PHV-Psykisk helsevern for voksne";"Alle aktører";"Region Vest";"35927";"4215";"152628";"324779";""
"2023";"januar-august";"PHV-Psykisk helsevern for voksne";"Alle aktører";"Region Midt-Norge";"23211";"2772";"82696";"207283";""
"2023";"januar-august";"PHV-Psykisk helsevern for voksne";"Alle aktører";"Region Nord";"16966";"2375";"73684";"149674";""
"2023";"hele året";"PHV-Psykisk helsevern for voksne";"Offentlige helseforetak og private institusjoner";"Landet";"167813";"27422";"1049622";"1945224";""
"2023";"hele året";"PHV-Psykisk helsevern for voksne";"Offentlige helseforetak og private institusjoner";"Region Sør-Øst";"94819";"15269";"582430";"1117043";""
"2023";"hele året";"PHV-Psykisk helsevern for voksne";"Offentlige helseforetak og private institusjoner";"Region Vest";"33193";"5481";"230162";"371072";""
"2023";"hele året";"PHV-Psykisk helsevern for voksne";"Offentlige helseforetak og private institusjoner";"Region Midt-Norge";"23656";"3711";"124426";"269479";""
"2023";"hele året";"PHV-Psykisk helsevern for voksne";"Offentlige helseforetak og private institusjoner";"Region Nord";"17232";"3065";"112604";"187630";""
"2023";"hele året";"PHV-Psykisk helsevern for voksne";"Avtalespesialister";"Landet";"52105";"0";"0";"660722";""
"2023";"hele året";"PHV-Psykisk helsevern for voksne";"Avtalespesialister";"Region Sør-Øst";"32652";"0";"0";"449051";""
"2023";"hele året";"PHV-Psykisk helsevern for voksne";"Avtalespesialister";"Region Vest";"11216";"0";"0";"123418";""
"2023";"hele året";"PHV-Psykisk helsevern for voksne";"Avtalespesialister";"Region Midt-Norge";"4988";"0";"0";"46856";""
"2023";"hele året";"PHV-Psykisk helsevern for voksne";"Avtalespesialister";"Region Nord";"3504";"0";"0";"41397";""
"2023";"hele året";"PHV-Psykisk helsevern for voksne";"Alle aktører";"Landet";"211540";"27422";"1049622";"2605946";""
"2023";"hele året";"PHV-Psykisk helsevern for voksne";"Alle aktører";"Region Sør-Øst";"122202";"15269";"582430";"1566094";""
"2023";"hele året";"PHV-Psykisk helsevern for voksne";"Alle aktører";"Region Vest";"42627";"5481";"230162";"494490";""
"2023";"hele året";"PHV-Psykisk helsevern for voksne";"Alle aktører";"Region Midt-Norge";"27756";"3711";"124426";"316335";""
"2023";"hele året";"PHV-Psykisk helsevern for voksne";"Alle aktører";"Region Nord";"20311";"3065";"112604";"229027";""
"2024";"januar-april";"PHV-Psykisk helsevern for voksne";"Offentlige helseforetak og private institusjoner";"Landet";"106925";"13388";"348125";"702178";""
"2024";"januar-april";"PHV-Psykisk helsevern for voksne";"Offentlige helseforetak og private institusjoner";"Region Sør-Øst";"59539";"7358";"194191";"395778";""
"2024";"januar-april";"PHV-Psykisk helsevern for voksne";"Offentlige helseforetak og private institusjoner";"Region Vest";"21108";"2728";"74343";"136587";""
"2024";"januar-april";"PHV-Psykisk helsevern for voksne";"Offentlige helseforetak og private institusjoner";"Region Midt-Norge";"15323";"1834";"41796";"100018";""
"2024";"januar-april";"PHV-Psykisk helsevern for voksne";"Offentlige helseforetak og private institusjoner";"Region Nord";"11116";"1489";"37795";"69795";""
"2024";"januar-april";"PHV-Psykisk helsevern for voksne";"Avtalespesialister";"Landet";"32692";"0";"0";"231306";""
"2024";"januar-april";"PHV-Psykisk helsevern for voksne";"Avtalespesialister";"Region Sør-Øst";"20663";"0";"0";"158788";""
"2024";"januar-april";"PHV-Psykisk helsevern for voksne";"Avtalespesialister";"Region Vest";"6869";"0";"0";"41817";""
"2024";"januar-april";"PHV-Psykisk helsevern for voksne";"Avtalespesialister";"Region Midt-Norge";"2918";"0";"0";"15480";""
"2024";"januar-april";"PHV-Psykisk helsevern for voksne";"Avtalespesialister";"Region Nord";"2263";"0";"0";"15221";""
"2024";"januar-april";"PHV-Psykisk helsevern for voksne";"Alle aktører";"Landet";"137040";"13388";"348125";"933484";""
"2024";"januar-april";"PHV-Psykisk helsevern for voksne";"Alle aktører";"Region Sør-Øst";"78578";"7358";"194191";"554566";""
"2024";"januar-april";"PHV-Psykisk helsevern for voksne";"Alle aktører";"Region Vest";"27394";"2728";"74343";"178404";""
"2024";"januar-april";"PHV-Psykisk helsevern for voksne";"Alle aktører";"Region Midt-Norge";"18012";"1834";"41796";"115498";""
"2024";"januar-april";"PHV-Psykisk helsevern for voksne";"Alle aktører";"Region Nord";"13240";"1489";"37795";"85016";""
"2024";"januar-august";"PHV-Psykisk helsevern for voksne";"Offentlige helseforetak og private institusjoner";"Landet";"137529";"20887";"679589";"1286541";""
"2024";"januar-august";"PHV-Psykisk helsevern for voksne";"Offentlige helseforetak og private institusjoner";"Region Sør-Øst";"77298";"11563";"379335";"729996";""
"2024";"januar-august";"PHV-Psykisk helsevern for voksne";"Offentlige helseforetak og private institusjoner";"Region Vest";"27084";"4206";"147471";"249836";""
"2024";"januar-august";"PHV-Psykisk helsevern for voksne";"Offentlige helseforetak og private institusjoner";"Region Midt-Norge";"19567";"2820";"81009";"180225";""
"2024";"januar-august";"PHV-Psykisk helsevern for voksne";"Offentlige helseforetak og private institusjoner";"Region Nord";"14180";"2351";"71774";"126484";""
"2024";"januar-august";"PHV-Psykisk helsevern for voksne";"Avtalespesialister";"Landet";"39236";"0";"0";"409843";""
"2024";"januar-august";"PHV-Psykisk helsevern for voksne";"Avtalespesialister";"Region Sør-Øst";"24659";"0";"0";"281992";""
"2024";"januar-august";"PHV-Psykisk helsevern for voksne";"Avtalespesialister";"Region Vest";"8286";"0";"0";"73631";""
"2024";"januar-august";"PHV-Psykisk helsevern for voksne";"Avtalespesialister";"Region Midt-Norge";"3616";"0";"0";"27106";""
"2024";"januar-august";"PHV-Psykisk helsevern for voksne";"Avtalespesialister";"Region Nord";"2789";"0";"0";"27114";""
"2024";"januar-august";"PHV-Psykisk helsevern for voksne";"Alle aktører";"Landet";"171841";"20887";"679589";"1696384";""
"2024";"januar-august";"PHV-Psykisk helsevern for voksne";"Alle aktører";"Region Sør-Øst";"98800";"11563";"379335";"1011988";""
"2024";"januar-august";"PHV-Psykisk helsevern for voksne";"Alle aktører";"Region Vest";"34279";"4206";"147471";"323467";""
"2024";"januar-august";"PHV-Psykisk helsevern for voksne";"Alle aktører";"Region Midt-Norge";"22758";"2820";"81009";"207331";""
"2024";"januar-august";"PHV-Psykisk helsevern for voksne";"Alle aktører";"Region Nord";"16726";"2351";"71774";"153598";""
"2024";"hele året";"PHV-Psykisk helsevern for voksne";"Offentlige helseforetak og private institusjoner";"Landet";"167237";"27358";"1031650";"1968554";""
"2024";"hele året";"PHV-Psykisk helsevern for voksne";"Offentlige helseforetak og private institusjoner";"Region Sør-Øst";"94681";"15241";"575815";"1118309";""
"2024";"hele året";"PHV-Psykisk helsevern for voksne";"Offentlige helseforetak og private institusjoner";"Region Vest";"32858";"5501";"224613";"383887";""
"2024";"hele året";"PHV-Psykisk helsevern for voksne";"Offentlige helseforetak og private institusjoner";"Region Midt-Norge";"23628";"3674";"121434";"273521";""
"2024";"hele året";"PHV-Psykisk helsevern for voksne";"Offentlige helseforetak og private institusjoner";"Region Nord";"17101";"3043";"109788";"192837";""
"2024";"hele året";"PHV-Psykisk helsevern for voksne";"Avtalespesialister";"Landet";"45708";"0";"0";"631631";""
"2024";"hele året";"PHV-Psykisk helsevern for voksne";"Avtalespesialister";"Region Sør-Øst";"28541";"0";"0";"435341";""
"2024";"hele året";"PHV-Psykisk helsevern for voksne";"Avtalespesialister";"Region Vest";"9724";"0";"0";"113105";""
"2024";"hele året";"PHV-Psykisk helsevern for voksne";"Avtalespesialister";"Region Midt-Norge";"4445";"0";"0";"42295";""
"2024";"hele året";"PHV-Psykisk helsevern for voksne";"Avtalespesialister";"Region Nord";"3181";"0";"0";"40890";""
"2024";"hele året";"PHV-Psykisk helsevern for voksne";"Alle aktører";"Landet";"205196";"27358";"1031650";"2600185";""
"2024";"hele året";"PHV-Psykisk helsevern for voksne";"Alle aktører";"Region Sør-Øst";"118316";"15241";"575815";"1553650";""
"2024";"hele året";"PHV-Psykisk helsevern for voksne";"Alle aktører";"Region Vest";"40877";"5501";"224613";"496992";""
"2024";"hele året";"PHV-Psykisk helsevern for voksne";"Alle aktører";"Region Midt-Norge";"27334";"3674";"121434";"315816";""
"2024";"hele året";"PHV-Psykisk helsevern for voksne";"Alle aktører";"Region Nord";"19915";"3043";"109788";"233727";""
"2025";"januar-april";"PHV-Psykisk helsevern for voksne";"Offentlige helseforetak og private institusjoner";"Landet";"107551";"13134";"341370";"691921";""
"2025";"januar-april";"PHV-Psykisk helsevern for voksne";"Offentlige helseforetak og private institusjoner";"Region Sør-Øst";"60405";"7208";"188377";"393594";""
"2025";"januar-april";"PHV-Psykisk helsevern for voksne";"Offentlige helseforetak og private institusjoner";"Region Vest";"20547";"2701";"75114";"132275";""
"2025";"januar-april";"PHV-Psykisk helsevern for voksne";"Offentlige helseforetak og private institusjoner";"Region Midt-Norge";"15492";"1710";"40103";"94681";""
"2025";"januar-april";"PHV-Psykisk helsevern for voksne";"Offentlige helseforetak og private institusjoner";"Region Nord";"11280";"1533";"37776";"71371";""
"2025";"januar-april";"PHV-Psykisk helsevern for voksne";"Avtalespesialister";"Landet";"30850";"0";"0";"219691";""
"2025";"januar-april";"PHV-Psykisk helsevern for voksne";"Avtalespesialister";"Region Sør-Øst";"19516";"0";"0";"151780";""
"2025";"januar-april";"PHV-Psykisk helsevern for voksne";"Avtalespesialister";"Region Vest";"6387";"0";"0";"38855";""
"2025";"januar-april";"PHV-Psykisk helsevern for voksne";"Avtalespesialister";"Region Midt-Norge";"2893";"0";"0";"14786";""
"2025";"januar-april";"PHV-Psykisk helsevern for voksne";"Avtalespesialister";"Region Nord";"2084";"0";"0";"14270";""
"2025";"januar-april";"PHV-Psykisk helsevern for voksne";"Alle aktører";"Landet";"135705";"13134";"341370";"911612";""
"2025";"januar-april";"PHV-Psykisk helsevern for voksne";"Alle aktører";"Region Sør-Øst";"78288";"7208";"188377";"545374";""
"2025";"januar-april";"PHV-Psykisk helsevern for voksne";"Alle aktører";"Region Vest";"26340";"2701";"75114";"171130";""
"2025";"januar-april";"PHV-Psykisk helsevern for voksne";"Alle aktører";"Region Midt-Norge";"18091";"1710";"40103";"109467";""
"2025";"januar-april";"PHV-Psykisk helsevern for voksne";"Alle aktører";"Region Nord";"13192";"1533";"37776";"85641";""
"2025";"januar-august";"PHV-Psykisk helsevern for voksne";"Offentlige helseforetak og private institusjoner";"Landet";"137296";"20333";"668157";"1277515";""
"2025";"januar-august";"PHV-Psykisk helsevern for voksne";"Offentlige helseforetak og private institusjoner";"Region Sør-Øst";"78106";"11276";"372047";"731564";""
"2025";"januar-august";"PHV-Psykisk helsevern for voksne";"Offentlige helseforetak og private institusjoner";"Region Vest";"26132";"4113";"147041";"242965";""
"2025";"januar-august";"PHV-Psykisk helsevern for voksne";"Offentlige helseforetak og private institusjoner";"Region Midt-Norge";"19397";"2662";"76893";"170960";""
"2025";"januar-august";"PHV-Psykisk helsevern for voksne";"Offentlige helseforetak og private institusjoner";"Region Nord";"14277";"2331";"72176";"132026";""
"2025";"januar-august";"PHV-Psykisk helsevern for voksne";"Avtalespesialister";"Landet";"37064";"0";"0";"394320";""
"2025";"januar-august";"PHV-Psykisk helsevern for voksne";"Avtalespesialister";"Region Sør-Øst";"23231";"0";"0";"271533";""
"2025";"januar-august";"PHV-Psykisk helsevern for voksne";"Avtalespesialister";"Region Vest";"7780";"0";"0";"69917";""
"2025";"januar-august";"PHV-Psykisk helsevern for voksne";"Avtalespesialister";"Region Midt-Norge";"3695";"0";"0";"27738";""
"2025";"januar-august";"PHV-Psykisk helsevern for voksne";"Avtalespesialister";"Region Nord";"2476";"0";"0";"25132";""
"2025";"januar-august";"PHV-Psykisk helsevern for voksne";"Alle aktører";"Landet";"169107";"20333";"668157";"1671835";""
"2025";"januar-august";"PHV-Psykisk helsevern for voksne";"Alle aktører";"Region Sør-Øst";"98132";"11276";"372047";"1003097";""
"2025";"januar-august";"PHV-Psykisk helsevern for voksne";"Alle aktører";"Region Vest";"32746";"4113";"147041";"312882";""
"2025";"januar-august";"PHV-Psykisk helsevern for voksne";"Alle aktører";"Region Midt-Norge";"22494";"2662";"76893";"198698";""
"2025";"januar-august";"PHV-Psykisk helsevern for voksne";"Alle aktører";"Region Nord";"16481";"2331";"72176";"157158";""
"2025";"hele året";"PHV-Psykisk helsevern for voksne";"Offentlige helseforetak og private institusjoner";"Landet";"167381";"26822";"1008578";"1965509";""
"2025";"hele året";"PHV-Psykisk helsevern for voksne";"Offentlige helseforetak og private institusjoner";"Region Sør-Øst";"96192";"14904";"559486";"1128813";""
"2025";"hele året";"PHV-Psykisk helsevern for voksne";"Offentlige helseforetak og private institusjoner";"Region Vest";"31992";"5430";"222761";"376124";""
"2025";"hele året";"PHV-Psykisk helsevern for voksne";"Offentlige helseforetak og private institusjoner";"Region Midt-Norge";"23201";"3539";"115543";"261329";""
"2025";"hele året";"PHV-Psykisk helsevern for voksne";"Offentlige helseforetak og private institusjoner";"Region Nord";"17021";"3042";"110788";"199243";""
"2025";"hele året";"PHV-Psykisk helsevern for voksne";"Avtalespesialister";"Landet";"43229";"0";"0";"614757";""
"2025";"hele året";"PHV-Psykisk helsevern for voksne";"Avtalespesialister";"Region Sør-Øst";"26869";"0";"0";"421092";""
"2025";"hele året";"PHV-Psykisk helsevern for voksne";"Avtalespesialister";"Region Vest";"9205";"0";"0";"109885";""
"2025";"hele året";"PHV-Psykisk helsevern for voksne";"Avtalespesialister";"Region Midt-Norge";"4467";"0";"0";"44659";""
"2025";"hele året";"PHV-Psykisk helsevern for voksne";"Avtalespesialister";"Region Nord";"2868";"0";"0";"39121";""
"2025";"hele året";"PHV-Psykisk helsevern for voksne";"Alle aktører";"Landet";"202444";"26822";"1008578";"2580266";""
"2025";"hele året";"PHV-Psykisk helsevern for voksne";"Alle aktører";"Region Sør-Øst";"118084";"14904";"559486";"1549905";""
"2025";"hele året";"PHV-Psykisk helsevern for voksne";"Alle aktører";"Region Vest";"39385";"5430";"222761";"486009";""
"2025";"hele året";"PHV-Psykisk helsevern for voksne";"Alle aktører";"Region Midt-Norge";"26745";"3539";"115543";"305988";""
"2025";"hele året";"PHV-Psykisk helsevern for voksne";"Alle aktører";"Region Nord";"19467";"3042";"110788";"238364";""
"2026";"januar-april";"PHV-Psykisk helsevern for voksne";"Offentlige helseforetak og private institusjoner";"Landet";"105701";"12975";"336306";"695667";""
"2026";"januar-april";"PHV-Psykisk helsevern for voksne";"Offentlige helseforetak og private institusjoner";"Region Sør-Øst";"59768";"7151";"185076";"400040";""
"2026";"januar-april";"PHV-Psykisk helsevern for voksne";"Offentlige helseforetak og private institusjoner";"Region Vest";"20586";"2697";"74430";"135617";""
"2026";"januar-april";"PHV-Psykisk helsevern for voksne";"Offentlige helseforetak og private institusjoner";"Region Midt-Norge";"14930";"1671";"39499";"91802";""
"2026";"januar-april";"PHV-Psykisk helsevern for voksne";"Offentlige helseforetak og private institusjoner";"Region Nord";"10609";"1477";"37301";"68208";""
"2026";"januar-april";"PHV-Psykisk helsevern for voksne";"Avtalespesialister";"Landet";"29247";"0";"0";"217154";""
"2026";"januar-april";"PHV-Psykisk helsevern for voksne";"Avtalespesialister";"Region Sør-Øst";"18462";"0";"0";"148187";""
"2026";"januar-april";"PHV-Psykisk helsevern for voksne";"Avtalespesialister";"Region Vest";"6312";"0";"0";"39167";""
"2026";"januar-april";"PHV-Psykisk helsevern for voksne";"Avtalespesialister";"Region Midt-Norge";"2694";"0";"0";"16756";""
"2026";"januar-april";"PHV-Psykisk helsevern for voksne";"Avtalespesialister";"Region Nord";"1811";"0";"0";"13044";""
"2026";"januar-april";"PHV-Psykisk helsevern for voksne";"Alle aktører";"Landet";"132186";"12975";"336306";"912821";""
"2026";"januar-april";"PHV-Psykisk helsevern for voksne";"Alle aktører";"Region Sør-Øst";"76566";"7151";"185076";"548227";""
"2026";"januar-april";"PHV-Psykisk helsevern for voksne";"Alle aktører";"Region Vest";"26222";"2697";"74430";"174784";""
"2026";"januar-april";"PHV-Psykisk helsevern for voksne";"Alle aktører";"Region Midt-Norge";"17365";"1671";"39499";"108558";""
"2026";"januar-april";"PHV-Psykisk helsevern for voksne";"Alle aktører";"Region Nord";"12260";"1477";"37301";"81252";""
"2026";"januar-august";"PHV-Psykisk helsevern for voksne";"Offentlige helseforetak og private institusjoner";"Landet";"";"";"";"";".."
"2026";"januar-august";"PHV-Psykisk helsevern for voksne";"Offentlige helseforetak og private institusjoner";"Region Sør-Øst";"";"";"";"";".."
"2026";"januar-august";"PHV-Psykisk helsevern for voksne";"Offentlige helseforetak og private institusjoner";"Region Vest";"";"";"";"";".."
"2026";"januar-august";"PHV-Psykisk helsevern for voksne";"Offentlige helseforetak og private institusjoner";"Region Midt-Norge";"";"";"";"";".."
"2026";"januar-august";"PHV-Psykisk helsevern for voksne";"Offentlige helseforetak og private institusjoner";"Region Nord";"";"";"";"";".."
"2026";"januar-august";"PHV-Psykisk helsevern for voksne";"Avtalespesialister";"Landet";"";"";"";"";".."
"2026";"januar-august";"PHV-Psykisk helsevern for voksne";"Avtalespesialister";"Region Sør-Øst";"";"";"";"";".."
"2026";"januar-august";"PHV-Psykisk helsevern for voksne";"Avtalespesialister";"Region Vest";"";"";"";"";".."
"2026";"januar-august";"PHV-Psykisk helsevern for voksne";"Avtalespesialister";"Region Midt-Norge";"";"";"";"";".."
"2026";"januar-august";"PHV-Psykisk helsevern for voksne";"Avtalespesialister";"Region Nord";"";"";"";"";".."
"2026";"januar-august";"PHV-Psykisk helsevern for voksne";"Alle aktører";"Landet";"";"";"";"";".."
"2026";"januar-august";"PHV-Psykisk helsevern for voksne";"Alle aktører";"Region Sør-Øst";"";"";"";"";".."
"2026";"januar-august";"PHV-Psykisk helsevern for voksne";"Alle aktører";"Region Vest";"";"";"";"";".."
"2026";"januar-august";"PHV-Psykisk helsevern for voksne";"Alle aktører";"Region Midt-Norge";"";"";"";"";".."
"2026";"januar-august";"PHV-Psykisk helsevern for voksne";"Alle aktører";"Region Nord";"";"";"";"";".."
"2026";"hele året";"PHV-Psykisk helsevern for voksne";"Offentlige helseforetak og private institusjoner";"Landet";"";"";"";"";".."
"2026";"hele året";"PHV-Psykisk helsevern for voksne";"Offentlige helseforetak og private institusjoner";"Region Sør-Øst";"";"";"";"";".."
"2026";"hele året";"PHV-Psykisk helsevern for voksne";"Offentlige helseforetak og private institusjoner";"Region Vest";"";"";"";"";".."
"2026";"hele året";"PHV-Psykisk helsevern for voksne";"Offentlige helseforetak og private institusjoner";"Region Midt-Norge";"";"";"";"";".."
"2026";"hele året";"PHV-Psykisk helsevern for voksne";"Offentlige helseforetak og private institusjoner";"Region Nord";"";"";"";"";".."
"2026";"hele året";"PHV-Psykisk helsevern for voksne";"Avtalespesialister";"Landet";"";"";"";"";".."
"2026";"hele året";"PHV-Psykisk helsevern for voksne";"Avtalespesialister";"Region Sør-Øst";"";"";"";"";".."
"2026";"hele året";"PHV-Psykisk helsevern for voksne";"Avtalespesialister";"Region Vest";"";"";"";"";".."
"2026";"hele året";"PHV-Psykisk helsevern for voksne";"Avtalespesialister";"Region Midt-Norge";"";"";"";"";".."
"2026";"hele året";"PHV-Psykisk helsevern for voksne";"Avtalespesialister";"Region Nord";"";"";"";"";".."
"2026";"hele året";"PHV-Psykisk helsevern for voksne";"Alle aktører";"Landet";"";"";"";"";".."
"2026";"hele året";"PHV-Psykisk helsevern for voksne";"Alle aktører";"Region Sør-Øst";"";"";"";"";".."
"2026";"hele året";"PHV-Psykisk helsevern for voksne";"Alle aktører";"Region Vest";"";"";"";"";".."
"2026";"hele året";"PHV-Psykisk helsevern for voksne";"Alle aktører";"Region Midt-Norge";"";"";"";"";".."
"2026";"hele året";"PHV-Psykisk helsevern for voksne";"Alle aktører";"Region Nord";"";"";"";"";".."
